Year;Length;Title;Subject;Actor;Actress;Director;Popularity;Awards
1990;111.0;Tie Me Up! Tie Me Down!;Comedy;Banderas, Antonio;Abril, Victoria;Almodvar, Pedro;68.0;No
1991;113.0;High Heels;Comedy;Bos, Miguel;Abril, Victoria;Almodvar, Pedro;68.0;No
1983;104.0;Dead Zone, The;Horror;Walken, Christopher;Adams, Brooke;Cronenberg, David;79.0;No
1979;122.0;Cuba;Action;Connery, Sean;Adams, Brooke;Lester, Richard;6.0;No
1978;94.0;Days of Heaven;Drama;Gere, Richard;Adams, Brooke;Malick, Terrence;14.0;No
1983;140.0;Octopussy;Action;Moore, Roger;Adams, Maud;Glen, John;68.0;No
1984;101.0;Target Eagle;Action;Connors, Chuck;Adams, Maud;Loma, Jos Antonio de la;14.0;No
1989;99.0;American Angels: Baptism of Blood, The;Drama;Bergen, Robert D.;Adams, Trudy;Sebastian, Beverly;28.0;No
1985;104.0;Subway;Drama;Lambert, Christopher;Adjani, Isabelle;Besson, Luc;6.0;No
1990;149.0;Camille Claudel;Drama;Depardieu, Grard;Adjani, Isabelle;Nuytten, Bruno;32.0;No
1982;188.0;Fanny and Alexander;Drama;Ahlstedt, Brje;Adolphson, Kristina;Bergman, Ingmar;81.0;Yes
1982;117.0;Tragedy of a Ridiculous Man;Drama;Tognazzi, Ugo;Aimee, Anouk;Bertolucci, Bernardo;17.0;No
1966;103.0;A Man & a Woman;Drama;Trintignant, Jean-Louis;Aimee, Anouk;Lelouch, Claude;46.0;Yes
1986;112.0;A Man & a Woman: Twenty Years Later;Drama;Trintignant, Jean-Louis;Aimee, Anouk;Lelouch, Claude;49.0;No
1966;103.0;Un Hombre y una Mujer;Drama;Trintignant, Jean-Louis;Aimee, Anouk;Lelouch, Claude;6.0;Yes
1985;112.0;Official Story, The;Drama;Alterio, Hector;Aleandro, Norma;Puenzo, Luiz;39.0;Yes
1976;150.0;Lindbergh Kidnapping Case, The;Drama;Hopkins, Anthony;Alexander, Denise;Kulik, Buzz;51.0;No
1929;84.0;Blackmail;Mystery;Longden, John;Algood, Sara;Hitchcock, Alfred;2.0;No
1963;109.0;Donovan's Reef;Comedy;Wayne, John;Allen, Elizabeth;Ford, John;62.0;No
1988;110.0;Tucker: The Man & His Dream;Drama;Bridges, Jeff;Allen, Joan;Coppola, Francis Ford;68.0;No
1988;101.0;Scrooged;Comedy;Murray, Bill;Allen, Karen;Donner, Richard;15.0;No
1981;116.0;Raiders of the Lost Ark;Action;Ford, Harrison;Allen, Karen;Spielberg, Steven;8.0;No
1987;101.0;Running Man, The;Science Fiction;Schwarzenegger, Arnold;Alonso, Maria Conchita;Glaser, Paul Michael;31.0;No
1991;105.0;Predator 2;Action;Glover, Danny;Alonso, Maria Conchita;Hopkins, Stephen;79.0;No
1988;127.0;Colors;Drama;Penn, Sean;Alonso, Maria Conchita;Hopper, Dennis;23.0;No
1990;97.0;Zandalee;Drama;Cage, Nicolas;Anderson, Erika;Pillsbury, Sam;80.0;No
1988;108.0;Miles from Home;Drama;Anderson, Kevin;Anderson, Jo;Sinise, Gary;53.0;No
1989;88.0;Final Notice;Mystery;Gerard, Gil;Anderson, Melody;Stern, Steven Hilliard;88.0;No
1979;110.0;Quintet;Drama;Newman, Paul;Andersson, Bibi;Altman, Robert;19.0;No
1960;90.0;Devil's Eye, The;Drama;Kulle, Jarl;Andersson, Bibi;Bergman, Ingmar;20.0;No
1957;91.0;Wild Strawberries;Drama;Sjstrm, Victor;Andersson, Bibi;Bergman, Ingmar;42.0;Yes
1956;96.0;Seventh Seal, The;Drama;Sydow, Max von;Andersson, Bibi;Bergman, Ingmar;62.0;No
1955;86.0;Dreams;Drama;Bjrnstrand, Gunnar;Andersson, Harriet;Bergman, Ingmar;14.0;No
1955;95.0;Naked Night, The;Drama;Bjrnstrand, Gunnar;Andersson, Harriet;Bergman, Ingmar;38.0;No
1962;91.0;Through a Glass Darkly;Drama;Bjrnstrand, Gunnar;Andersson, Harriet;Bergman, Ingmar;64.0;Yes
1972;91.0;Cries & Whispers;Drama;Josephson, Erland;Andersson, Harriet;Bergman, Ingmar;18.0;Yes
1958;104.0;Barbarian & the Geisha, The;Action;Wayne, John;Ando, Eiko;Huston, John;52.0;No
1967;130.0;Casino Royale;Comedy;Niven, David;Andress, Ursula;Hughes, Ken;11.0;No
1979;121.0;Ten;Comedy;Moore, Dudley;Andrews, Julie;Edwards, Blake;60.0;No
1983;118.0;Man Who Loved Women, The;Comedy;Reynolds, Burt;Andrews, Julie;Edwards, Blake;67.0;No
1966;190.0;Hawaii;Drama;Sydow, Max von;Andrews, Julie;Hill, George Roy;8.0;No
1966;125.0;Torn Curtain;Mystery;Newman, Paul;Andrews, Julie;Hitchcock, Alfred;35.0;No
1986;107.0;Duet for One;Drama;Bates, Alan;Andrews, Julie;Konchalovsky, Andrei;82.0;No
1965;172.0;Sound of Music, The;Music;Plummer, Christopher;Andrews, Julie;Wise, Robert;59.0;Yes
1984;140.0;Tartuffe;Comedy;Depardieu, Grard;Annen, Paule;Depardieu, Grard;67.0;No
1988;104.0;A New Life;Comedy;Alda, Alan;Margret, Ann;Alda, Alan;53.0;No
1978;106.0;Magic;Mystery;Hopkins, Anthony;Margret, Ann;Attenborough, Richard;85.0;No
1992;286.0;Tommy;Music;Daltry, Roger;Margret, Ann;Russell, Ken;5.0;No
1978;108.0;Big Fix, The;Mystery;Dreyfuss, Richard;Anspach, Susan;Kagan, Jeremy Paul;19.0;No
1992;95.0;Alan & Naomi;Drama;Haas, Lukas;Aquino, Vanessa;Vanwagenen, Sterling;3.0;No
1987;120.0;Fatal Attraction;Mystery;Douglas, Michael;Archer, Anne;Lyne, Adrian;61.0;No
1992;117.0;Patriot Games;Action;Ford, Harrison;Archer, Anne;Noyce, Phillip;28.0;No
1981;106.0;Woman Next Door, The;Drama;Depardieu, Grard;Ardant, Fanny;Truffaut, Franois;82.0;No
1992;97.0;Hunting;Mystery;Savage, John;Armstrong, Kerry;Howson, Frank;68.0;No
1924;110.0;Siegfried, The Nibelungenlied;Drama;Richter, Paul;Arnold, Gertrud;Lang, Fritz;79.0;No
1988;118.0;Big Blue, The;Drama;Barr, Jean-Marc;Arquette, Rosanna;Besson, Luc;7.0;No
1991;115.0;Flight of the Intruder;Drama;Glover, Danny;Arquette, Rosanna;Milius, John;51.0;No
1986;108.0;Nobody's Fool;Comedy;Roberts, Eric;Arquette, Rosanna;Purcell, Evelyn;52.0;No
1985;97.0;After Hours;Comedy;Dunne, Griffin;Arquette, Rosanna;Scorsese, Martin;81.0;No
1985;104.0;Desperately Seeking Susan;Comedy;Quinn, Aidan;Arquette, Rosanna;Seidelman, Susan;41.0;No
1971;102.0;A New Leaf;Comedy;Matthau, Walter;Arrick, Rose;May, Elaine;83.0;No
1959;91.0;Killers of Kilimanjaro;Action;Taylor, Robert;Aslan, Gregoire;Thorpe, Richard;11.0;No
1926;126.0;Don Juan;Action;Barrymore, John;Astor, Mary;Crosland, Alan;55.0;No
1987;102.0;Babette's Feast;Drama;LaFont, Jean-Philippe;Audran, Stphane;Axel, Gabriel;79.0;Yes
1988;141.0;Thunderball;Action;Connery, Sean;Auger, Claudine;Young, Terrence;8.0;No
1926;66.0;Lodger (Story of the London Fog);Mystery;Chesney, Arthur;Ault, Marie;Hitchcock, Alfred;76.0;No
1988;103.0;Appointment with Death;Mystery;Ustinov, Peter;Bacall, Lauren;Donaggio, Michael Winner;75.0;No
1974;128.0;Murder on the Orient Express;Mystery;Balsam, Martin;Bacall, Lauren;Lumet, Sidney;8.0;Yes
1955;115.0;Blood Alley;War;Wayne, John;Bacall, Lauren;Wellman, William;15.0;No
1977;136.0;Spy Who Loved Me, The;Action;Moore, Roger;Bach, Barbara;Gilbert, Lewis;27.0;No
1988;100.0;Storm;Action;Palfy, David;Bahtia, Stacy Christensen;Winning, David;61.0;No
1989;103.0;Miami Cops;Action;Roundtree, Richard;Baker, Dawn;Bradley, Al;40.0;No
1996;96.0;Island of Dr. Moreau, The;Horror;Thewlis, David;Balk, Fairuza;Frankenheimer, John;39.0;No
1992;100.0;Eighty-Four Charing Cross Road;Drama;Hopkins, Anthony;Bancroft, Anne;Jones, David;9.0;No
1980;124.0;Elephant Man, The;Drama;Hopkins, Anthony;Bancroft, Anne;Lynch, David;3.0;Yes
1988;90.0;Dr Alien;Science Fiction;Jacoby, Billy;Barash, Olivia;DeCoteau, David;70.0;No
1982;120.0;Creepshow;Horror;Holbrook, Hal;Barbeau, Adrienne;Romero, George A.;70.0;No
1987;100.0;Sammy & Rosie Get Laid;Drama;Din, Ayub Khan;Barber, Frances;Frears, Stephen;6.0;No
1971;101.0;Goalie's Anxiety at the Penalty Kick, The;Drama;Brauss, Arthur;Bardischewski, Maria;Wenders, Wim;62.0;No
1957;99.0;Mademoiselle Striptease;Comedy;Gelin, Daniel;Bardot, Brigitte;Allegret, Marc;25.0;No
1969;86.0;Women, The;Drama;Ronet, Maurice;Bardot, Brigitte;Aurel, Jean;66.0;No
1958;77.0;That Naughty Girl;Comedy;Bretonniere, Jean;Bardot, Brigitte;Boisrond, Michel;37.0;No
1959;90.0;Voulez-Vous Danser Avec Moi?;Comedy;Vidal, Henri;Bardot, Brigitte;Boisrond, Michel;16.0;No
1967;100.0;A Coeur Joie, (Head Over Heels);Action;Terzieff, Laurent;Bardot, Brigitte;Bourguignon, Serge;54.0;No
1968;113.0;Shalako;Westerns;Connery, Sean;Bardot, Brigitte;Dmytryk, Edward;0.0;No
1964;102.0;Contempt;Drama;Palance, Jack;Bardot, Brigitte;Godard, Jean-Luc;81.0;No
1965;100.0;Dear Brigitte;Comedy;Mumy, Billy;Bardot, Brigitte;Koster, Henry;71.0;No
1962;134.0;A Very Private Affair;Drama;Mastroianni, Marcello;Bardot, Brigitte;Malle, Louis;30.0;No
1964;99.0;Ravishing Idiot, The;Comedy;Perkins, Anthony;Bardot, Brigitte;Molinaro, Edouard;34.0;No
1958;90.0;Bride Is Much Too Beautiful, The;Comedy;Jourdan, Louis;Bardot, Brigitte;Surin, Fred;70.0;No
1955;90.0;Doctor at Sea;Comedy;Bogarde, Dirk;Bardot, Brigitte;Thomas, Ralph;83.0;No
1962;100.0;Le Repos Du Guerrier, (Warrior's Rest);War;Hossein, Robert;Bardot, Brigitte;Vadim, Roger;8.0;No
1957;90.0;And God Created Woman;Drama;Jurgens, Curt;Bardot, Brigitte;Vadim, Roger;29.0;No
1973;87.0;Ms. Don Juan;Drama;Ronet, Maurice;Bardot, Brigitte;Vadim, Roger;39.0;No
1987;97.0;Siesta;Drama;Byrne, Gabriel;Barkin, Ellen;Lambert, Mary;48.0;No
1932;92.0;Rich & Strange;Drama;Kendall, Henry;Barry, Joan;Hitchcock, Alfred;57.0;No
1987;104.0;Lionheart;Action;Stoltz, Eric;Barrymore, Deborah;Schaffner, Franklin J.;9.0;No
1982;115.0;E. T. The Extra-Terrestrial;Science Fiction;Wallace, Dee;Barrymore, Drew;Spielberg, Steven;8.0;Yes
1992;101.0;Cool World;Drama;Byrne, Gabriel;Basinger, Kim;Bakshi, Ralph;44.0;No
1988;83.0;Nadine;Comedy;Bridges, Jeff;Basinger, Kim;Benton, Robert;47.0;No
1989;126.0;Batman;Action;Nicholson, Jack;Basinger, Kim;Burton, Tim;14.0;No
1987;95.0;Blind Date;Comedy;Willis, Bruce;Basinger, Kim;Edwards, Blake;7.0;No
1982;101.0;Mother Lode;Action;Heston, Charlton;Basinger, Kim;Heston, Charlton;40.0;No
1992;125.0;Final Analysis;Drama;Gere, Richard;Basinger, Kim;Joanou, Phil;50.0;No
1983;134.0;Never Say Never Again;Action;Connery, Sean;Basinger, Kim;Kershner, Irvin;8.0;No
1986;117.0;Nine & a Half Weeks;Drama;Rourke, Mickey;Basinger, Kim;Lyne, Adrian;7.0;No
1986;108.0;No Mercy;Drama;Gere, Richard;Basinger, Kim;Pearce, Richard;11.0;No
1991;116.0;Marrying Man, The;Comedy;Baldwin, Alec;Basinger, Kim;Rees, Jerry;84.0;No
1990;123.0;Misery;Horror;Caan, James;Bates, Kathy;Reiner, Rob;48.0;Yes
1946;93.0;Crisis;Drama;Andersson, Wiktor;Baude, Anna-Lisa;Bergman, Ingmar;66.0;No
1984;95.0;Samson & Delilah;Drama;Hamilton, Antony;Bauer, Belinda;Philips, Lee;36.0;No
1988;96.0;Split Decisions;Drama;Hackman, Gene;Beals, Jennifer;Drury, David;52.0;No
1988;96.0;Nightmare at Noon;Action;Hauser, Wings;Beck, Kimberly;Mastorakis, Nico;0.0;No
1990;127.0;Presumed Innocent;Mystery;Ford, Harrison;Bedelia, Bonnie;Pakula, Alan J.;69.0;No
1942;123.0;Reap the Wild Wind;Drama;Wayne, John;Beecher, Janet;DeMille, Cecil B.;59.0;No
1972;100.0;Pocket Money;Comedy;Newman, Paul;Belford, Christine;Rosenberg, Stuart;55.0;No
1977;102.0;Mary White;Drama;Flanders, Ed;Beller, Kathleen;Taylor, Jud;2.0;No
1990;105.0;Guilty by Suspicion;Drama;De Niro, Robert;Bening, Annette;Winkler, Irwin;88.0;No
1948;99.0;Secret Beyond the Door;Mystery;Redgrave, Michael;Bennett, Joan;Lang, Fritz;31.0;No
1945;103.0;Scarlet Street;Drama;Robinson, Edward G.;Bennett, Joan;Lang, Fritz;80.0;No
1988;76.0;Daffy Duck's Quackbusters;Action;Blanc, Mel;Bennett, Julie;Ford, Greg;68.0;No
1982;188.0;Gandhi;Drama;Kingsley, Ben;Bergen, Candice;Attenborough, Richard;7.0;Yes
1975;120.0;Wind & the Lion, The;Action;Connery, Sean;Bergen, Candice;Milius, John;2.0;No
1971;96.0;Carnal Knowledge;Drama;Nicholson, Jack;Bergen, Candice;Nichols, Mike;10.0;No
1970;126.0;Getting Straight;Comedy;Gould, Elliott;Bergen, Candice;Rush, Richard;83.0;No
1972;90.0;Scarlet Letter, The;Drama;Albaicn, Rafael;Berger, Senta;Wenders, Wim;55.0;No
1935;75.0;Count of Old Town, The;Comedy;Adolphson, Edvin;Bergman, Ingrid;Adolphson, Edvin;72.0;No
1978;97.0;Autumn Sonata;Drama;Bjrk, Halvar;Bergman, Ingrid;Bergman, Ingmar;49.0;Yes
1944;114.0;Gaslight;Drama;Boyer, Charles;Bergman, Ingrid;Cukor, George;25.0;Yes
1958;100.0;Indiscreet;Drama;Grant, Cary;Bergman, Ingrid;Donen, Stanley;1.0;No
1941;75.0;Walpurgis Night;Drama;Sjstrm, Victor;Bergman, Ingrid;Edgren, Gustaf;32.0;No
1948;100.0;Joan of Arc;Drama;Ferrer, Jose;Bergman, Ingrid;Fleming, Victor;7.0;No
1982;195.0;A Woman Called Golda;Drama;Beatty, Ned;Bergman, Ingrid;Gibson, Alan;15.0;Yes
1969;98.0;A Walk in the Spring Rain;Drama;Quinn, Anthony;Bergman, Ingrid;Green, Guy;2.0;No
1949;117.0;Under Capricorn;Drama;Cotten, Joseph;Bergman, Ingrid;Hitchcock, Alfred;74.0;No
1946;101.0;Notorious;Mystery;Grant, Cary;Bergman, Ingrid;Hitchcock, Alfred;42.0;No
1940;90.0;June Night;Drama;Widgren, Olof;Bergman, Ingrid;Lindberg, Per;14.0;No
1961;120.0;Goodbye Again;Drama;Perkins, Anthony;Bergman, Ingrid;Litvak, Anatole;6.0;No
1956;106.0;Anastasia;Drama;Tamiroff, Akim;Bergman, Ingrid;Litvak, Anatole;24.0;Yes
1945;126.0;Bells of St. Mary's, The;Drama;Crosby, Bing;Bergman, Ingrid;McCarey, Leo;31.0;No
1937;91.0;Intermezzo;Drama;Ekman, Gsta;Bergman, Ingrid;Molander, Gustaf;32.0;No
1938;104.0;A Woman's Face;Drama;Svennberg, Tore;Bergman, Ingrid;Molander, Gustaf;49.0;No
1935;90.0;Swedenhielms;Drama;Westergren, Hkan;Bergman, Ingrid;Molander, Gustaf;88.0;No
1939;87.0;Only One Night;Drama;Adolphson, Edvin;Bergman, Ingrid;Molander, Gustav;26.0;No
1938;74.0;Dollar;Drama;Rydeberg, Georg;Bergman, Ingrid;Molander, Gustav;19.0;No
1956;98.0;Elena & Her Men;Drama;Ferrer, Mel;Bergman, Ingrid;Renoir, Jean;33.0;No
1952;110.0;Europa Fifty-One;Drama;Knox, Alexander;Bergman, Ingrid;Rossellini, Roberto;34.0;No
1953;83.0;Voyage in Italy;Drama;Sanders, George;Bergman, Ingrid;Rossellini, Roberto;57.0;No
1954;81.0;Fear;Drama;Wieman, Mathias;Bergman, Ingrid;Rossellini, Roberto;69.0;No
1950;107.0;Stromboli;Drama;Vitale, Mario;Bergman, Ingrid;Rossellini, Roberto;69.0;No
1969;103.0;Cactus Flower;Comedy;Matthau, Walter;Bergman, Ingrid;Saks, Gene;67.0;Yes
1987;91.0;Programmed to Kill;Action;Ginty, Robert;Bergman, Sandahl;Holzman, Allan;71.0;No
1982;128.0;Conan the Barbarian;Action;Schwarzenegger, Arnold;Bergman, Sandahl;Milius, John;45.0;No
1991;91.0;Raw Nerve;Mystery;Ford, Glenn;Bergman, Sandahl;Prior, David A.;88.0;No
1970;94.0;Think Dirty;Comedy;Feldman, Marty;Berman, Shelley;Clark, Jim;31.0;No
1982;108.0;King of Comedy;Drama;De Niro, Robert;Bernhard, Sandra;Scorsese, Martin;84.0;No
1984;158.0;Amadeus;Drama;Abraham, F. Murray;Berridge, Elizabeth;Forman, Milos;6.0;Yes
1973;101.0;White Lightning;Action;Reynolds, Burt;Billingsley, Jennifer;Sargent, Joseph;54.0;No
1988;172.0;Unbearable Lightness of Being, The;Drama;Day-Lewis, Daniel;Binoche, Juliette;Kaufman, Philip;5.0;Yes
1972;124.0;Life & Times of Judge Roy Bean, The;Western;Newman, Paul;Bisset, Jacqueline;Huston, John;65.0;No
1970;137.0;Airport;Drama;Lancaster, Burt;Bisset, Jacqueline;Seaton, George;0.0;Yes
1973;116.0;Day for Night;Drama;Aumont, Jean-Pierre;Bisset, Jacqueline;Truffaut, Franois;10.0;Yes
1952;107.0;Secrets of Women;Comedy;Malmsten, Birger;Bjrk, Anita;Bergman, Ingmar;66.0;No
1976;116.0;Burnt Offerings;Horror;Reed, Oliver;Black, Karen;Curtis, Dan;35.0;No
1969;94.0;Easy Rider;Drama;Fonda, Peter;Black, Karen;Hopper, Dennis;36.0;No
1991;98.0;Five Easy Pieces;Drama;Nicholson, Jack;Black, Karen;Rafelson, Bob;2.0;No
1974;144.0;Day of the Locust, The;Drama;Sutherland, Donald;Black, Karen;Schlesinger, John;81.0;No
1964;112.0;Goldfinger;Action;Connery, Sean;Blackman, Honor;Hamilton, Guy;77.0;No
1977;117.0;Exorcist II, The Heretic;Horror;Burton, Richard;Blair, Linda;Boorman, John;29.0;No
1942;88.0;Lady for a Night;Drama;Wayne, John;Blondell, Joan;Leigh, Jason;12.0;No
1968;103.0;Charly;Drama;Robertson, Cliff;Bloom, Claire;Nelson, Ralph;38.0;Yes
1973;105.0;High Plains Drifter;Western;Eastwood, Clint;Bloom, Verna;Eastwood, Clint;57.0;No
1982;123.0;Honkytonk Man;Drama;Eastwood, Clint;Bloom, Verna;Eastwood, Clint;69.0;No
1990;102.0;Nightbreed;Horror;Cronenberg, David;Bobby, Anne;Barker, Clive;72.0;No
1987;98.0;Under the Sun of Satan;Drama;Depardieu, Grard;Bonnaire, Sandrine;Pialat, Maurice;45.0;No
1985;105.0;Vagabond;Drama;Meril, Macha;Bonnaire, Sandrine;Varda, Agnes;49.0;No
1974;89.0;Monty Python & the Holy Grail;Comedy;Chapman, Graham;Booth, Connie;Gilliam, Terry;83.0;No
1958;101.0;Matchmaker, The;Comedy;Perkins, Anthony;Booth, Shirley;Anthony, Joseph;67.0;No
1981;129.0;For Your Eyes Only;Action;Moore, Roger;Bouquet, Carole;Glen, John;86.0;No
1928;139.0;Wings;War;Rogers, Buddy;Bow, Clara;Wellman, William;44.0;Yes
1992;106.0;Medicine Man;Action;Connery, Sean;Bracco, Lorraine;McTiernan, John;6.0;No
1985;119.0;Kiss of the Spider Woman;Drama;Hurt, William;Braga, Sonia;Babenco, Hector;10.0;Yes
1990;121.0;Rookie, THe;Action;Eastwood, Clint;Braga, Sonia;Eastwood, Clint;48.0;No
1973;129.0;Sting, The;Drama;Newman, Paul;Brennan, Eileen;Hill, George Roy;83.0;Yes
1958;96.0;Torpedo Run;War;Ford, Glenn;Brewster, Diane;Pevney, Joseph;50.0;No
1986;101.0;Instant Justice;Drama;Par, Michael;Bridges, Lynda;Rumar, Craig;45.0;No
1990;135.0;Cyrano de Bergerac;Drama;Depardieu, Grard;Brochet, Anne;Rappeneau, Jean-Paul;76.0;No
1948;110.0;Border Street;Drama;Fijewski, Tadeusz;Broniewska, Maria;Ford, Aleksander;73.0;No
1987;91.0;Firehouse;Comedy;Hopkins, Barrett;Brown, Violet;Ingvordsen, J. Christian;66.0;No
1965;123.0;Morituri;Drama;Brando, Marlon;Brynner, Yul;Wicki, Bernhard;9.0;No
1980;104.0;From the Life of the Marionettes;Drama;Atzorn, Robert;Buchegger, Christine;Bergman, Ingmar;58.0;No
1988;120.0;Frantic;Mystery;Ford, Harrison;Buckley, Betty;Polanski, Roman;17.0;No
1978;114.0;Coma;Science Fiction;Douglas, Michael;Bujold, Genevive;Crichton, Michael;64.0;No
1988;117.0;Dead Ringers;Drama;Irons, Jeremy;Bujold, Genevive;Cronenberg, David;29.0;No
1988;90.0;Golden Ninja Invasion;Action;West, Leonard;Burd, Stephanie;Lambert, Bruce;13.0;No
1973;122.0;Exorcist, The;Horror;Sydow, Max von;Burstyn, Ellen;Friedkin, William;28.0;Yes
1982;94.0;Eyes of the Amaryllis, The;Drama;Bolt, Jonathan;Byrne, Martha;King Keller, Frederick;70.0;No
1952;109.0;What Price Glory?;War;Cagney, James;Calvet, Corinne;Ford, John;4.0;No
1954;40.0;Inauguration of the Pleasure Dome;Short;De Brier, Sampson;Cameron, Marjorie;Anger, Kenneth;62.0;No
1989;114.0;School Daze;Comedy;Fishburne, Larry;Campbell, Tisha;Lee, Spike;18.0;No
1990;102.0;End of Innocence, The;Drama;Heard, John;Cannon, Dyan;Cannon, Dyan;6.0;No
1971;98.0;Anderson Tapes, The;Mystery;Connery, Sean;Cannon, Dyan;Lumet, Sidney;1.0;No
1983;50.0;Father Murphy, A Horse from Heaven;Comedy;Olsen, Merlin;Cannon, Katharine;Claxton, William F.;28.0;No
1989;80.0;Skull;Drama;Bideman, Robert;Capone, Nadia;Bergman, Robert;19.0;No
1987;91.0;Quick & The Dead, The;Western;Elliott, Sam;Capshaw, Kate;Day, Robert;40.0;No
1984;94.0;Best Defense;Comedy;Moore, Dudley;Capshaw, Kate;Huyck, Willard;75.0;No
1984;99.0;Dreamscape;Science Fiction;Quaid, Dennis;Capshaw, Kate;Ruben, Joseph;63.0;No
1989;125.0;Black Rain;Action;Douglas, Michael;Capshaw, Kate;Scott, Ridley;73.0;No
1963;138.0;8 1/2;Drama;Mastroianni, Marcello;Cardinale, Claudia;Fellini, Federico;80.0;Yes
1935;64.0;One Frightened Night;Horror;Ford, Wallace;Carlisle, Mary;Cabanne, Christy;33.0;No
1988;103.0;Year My Voice Broke, The;Drama;Taylor, Noah;Carmen, Loene;Duigan, John;71.0;No
1966;175.0;Is Paris Burning?;War;Belmondo, Jean-Paul;Caron, Leslie;Clment, Ren;63.0;No
1974;313.0;QB VII;Drama;Hopkins, Anthony;Caron, Leslie;Gries, Tom;28.0;Yes
1977;104.0;Island of Dr. Moreau, The;Horror;Lancaster, Burt;Carrera, Barbara;Taylor, Don;54.0;No
1983;104.0;Beyond the Limit;Drama;Caine, Michael;Carrillo, Elpidia;Mackenzie, John;51.0;No
1936;84.0;Secret Agent;Mystery;Lorre, Peter;Carroll, Madeleine;Hitchcock, Alfred;50.0;No
1972;71.0;Big Bust Out, The;Action;Kendall, Tony;Carter, Karen;Theumer, Ernst R. von;50.0;No
1987;119.0;Fourth Protocol, The;Mystery;Caine, Michael;Cassidy, Joanna;Mackenzie, John;14.0;No
1990;107.0;Gremlins 2: The New Batch;Comedy;Galligan, Zach;Cates, Phoebe;Dante, Joe;61.0;No
1982;92.0;Fast Times at Ridgemont High;Comedy;Penn, Sean;Cates, Phoebe;Heckerling, Amy;65.0;No
1977;91.0;Rabid;Horror;Moore, Frank;Chambers, Marilyn;Cronenberg, David;34.0;No
1989;90.0;Vampire Raiders, Ninja Queen;Action;Peterson, Chris;Chan, Agnes;Lambert, Bruce;15.0;No
1943;99.0;Destroyer;Action;Robinson, Edward G.;Chapman, Marguerite;Seiter, William A.;87.0;No
1992;99.0;Party Girl;Comedy;Taylor, Robert;Charisse, Cyd;Ray, Nicholas;85.0;No
1989;113.0;Twin Peaks;Mystery;MacLachlan, Kyle;Chen, Joan;Lynch, David;86.0;No
1987;103.0;Moonstruck;Comedy;Cage, Nicholas;LaPiere, Cherilyn;Jewison, Norman;6.0;Yes
1987;119.0;Witches of Eastwick, The;Comedy;Nicholson, Jack;LaPiere, Cherilyn;Miller, George;8.0;No
1979;128.0;Moonraker;Action;Moore, Roger;Chiles, Lois;Gilbert, Lewis;32.0;No
1984;106.0;Beat Street;Drama;Davis, Guy;Chong, Rae Dawn;Lathan, Stan;72.0;No
1989;90.0;Never on Tuesday;Drama;Lauer, Andrew;Christian, Claudia;Rifkin, Adam;77.0;No
1975;109.0;Shampoo;Comedy;Beatty, Warren;Christie, Julie;Ashby, Hal;69.0;Yes
1985;111.0;Power;Drama;Hackman, Gene;Christie, Julie;Lumet, Sidney;43.0;No
1965;122.0;Darling;Drama;Harvey, Laurence;Christie, Julie;Schlesinger, John;44.0;Yes
1963;120.0;Ugly American, The;Drama;Brando, Marlon;Church, Sandra;Englund, George;63.0;No
1931;68.0;Ambassador Bill;Comedy;Rogers, Will;Churchill, Marguerite;Taylor, Sam;66.0;No
1931;110.0;Big Trail, The;Western;Wayne, John;Churchill, Marguerite;Walsh, Raoul;22.0;No
1967;111.0;Hombre;Western;Newman, Paul;Cilento, Diane;Ritt, Martin;50.0;No
1968;103.0;Coogan's Bluff;Action;Eastwood, Clint;Clark, Susan;Siegel, Don;57.0;No
1989;91.0;Penn & Teller Get Killed;Comedy;Penn, Jillette;Clarke, Caitlin;Penn, Arthur;12.0;No
1987;118.0;Shy People;Drama;Philbin, John;Clayburgh, Jill;Konchalovsky, Andrei;7.0;No
1980;91.0;It's My Turn;Comedy;Douglas, Michael;Clayburgh, Jill;Weill, Claudia;0.0;No
1988;119.0;Dangerous Liaisons;Drama;Malkovich, John;Close, Glenn;Frears, Stephen;77.0;No
1990;111.0;Reversal of Fortune;Drama;Irons, Jeremy;Close, Glenn;Schroeder, Barbet;73.0;Yes
1991;119.0;Meeting Venus;Comedy;Arestrup, Niels;Close, Glenn;Szab, Istvn;74.0;No
1987;101.0;Like Father Like Son;Comedy;Cameron, Kirk;Colin, Margaret;Daniel, Rod;20.0;No
1948;81.0;Rope;Drama;Stewart, James;Collier, Constance;Hitchcock, Alfred;39.0;No
1962;91.0;Road to Hong Kong;Comedy;Hope, Bob;Collins, Joan;Panama, Norman;37.0;No
1989;108.0;Shirley Valentine;Comedy;Conti, Tom;Collins, Pauline;Gilbert, Lewis;51.0;No
1992;135.0;City of Joy;Drama;Swayze, Patrick;Collins, Pauline;Joffe, Roland;87.0;No
1966;99.0;Appaloosa, The;Western;Brando, Marlon;Comer, Anjanette;Furie, Sidney J.;15.0;No
1986;88.0;Seven Minutes in Heaven;Comedy;Thames, Byron;Connelly, Jennifer;Feferman, Linda;49.0;No
1991;96.0;Hearts of Darkness, A Filmmaker's Apocalypse;Drama;Bottoms, Sam;Coppola, Eleanor;Bahr, Fax;72.0;No
1961;66.0;Tonight for Sure;Comedy;Lee, Karla;Cornell, Laura;Coppola, Francis Ford;4.0;No
1990;110.0;White Hunter, Black Heart;Adventure;Eastwood, Clint;Cornwell, Charlotte;Eastwood, Clint;66.0;No
1962;110.0;Sundays & Cybele;Drama;Kruger, Hardy;Courcel, Nicole;Bourguignon, Serge;11.0;Yes
1989;90.0;Puppet Master;Science Fiction;LeMat, Paul;Crampton, Barbara;Schmoeller, David;20.0;No
1991;95.0;Night Gallery;Horror;McDowall, Roddy;Crawford, Joan;Spielberg, Steven;31.0;No
1989;103.0;Pet Sematary;Horror;Gwynne, Fred;Crosby, Denise;Lambert, Mary;27.0;No
1992;60.0;America's Music, Gospel;Music;Phipps, Wentley;Crouch, Sandra;Walton, Kip;13.0;No
1977;123.0;Slap Shot;Comedy;Newman, Paul;Crouse, Lindsay;Hill, George Roy;82.0;No
1987;109.0;O. C. & Stiggs;Comedy;Jenkins, Daniel H.;Curtin, Jane;Altman, Robert;3.0;No
1988;108.0;A Fish Called Wanda;Comedy;Cleese, John;Curtis, Jamie Lee;Crichton, Charles;7.0;Yes
1954;96.0;A Lesson in Love;Comedy;Bjrnstrand, Gunnar;Dahlbeck, Eva;Bergman, Ingmar;48.0;No
1957;82.0;Brink of Life;Drama;Josephson, Erland;Dahlbeck, Eva;Bergman, Ingmar;57.0;No
1986;120.0;Betty Blue;Drama;Anglade, Jean-Hughes;Dalle, Batrice;Beineix, Jean-Jacques;71.0;No
1979;122.0;Hair;Music;Savage, John;D'Angelo, Beverly;Forman, Milos;67.0;No
1989;97.0;National Lampoon's Christmas Vacation;Comedy;Chase, Chevy;D'Angelo, Beverly;S, Jeremiah;81.0;No
1974;124.0;Dersu Uzala, (The Hunter);Adventure;Solomin, Yuri;Danilchenko, Svetlana;Kurosawa, Akira;81.0;Yes
1990;106.0;Alice;Comedy;Baldwin, Alec;Danner, Blythe;Allen, Woody;22.0;No
1980;90.0;Fifth Floor, The;Mystery;Hopkins, Bo;D'Arbanville, Patti;Avedis, Howard Hikmet;74.0;No
1990;94.0;Snow Kill;Drama;Knox, Terence;D'Arbanville, Patti;Wright, Thomas J.;35.0;No
1971;74.0;People, The;Drama;Shatner, William;Darby, Kim;Coppola, Francis Ford;36.0;No
1969;128.0;True Grit;Western;Wayne, John;Darby, Kim;Hathaway, Henry;77.0;Yes
1942;18.0;Battle of Midway, The;War;Crisp, Donald;Darwell, Jane;Ford, John;75.0;No
1948;103.0;Three Godfathers;Western;Wayne, John;Darwell, Jane;Ford, John;72.0;No
1965;133.0;Hush, Hush, Sweet Charlotte;Mystery;Cotten, Joseph;Davis, Bette;Aldrich, Robert;68.0;No
1946;110.0;A Stolen Life;Drama;Ford, Glenn;Davis, Bette;Bernhardt, Curtis;20.0;No
1939;96.0;Old Maid, The;Drama;Brent, George;Davis, Bette;Goulding, Edmund;18.0;No
1950;138.0;All about Eve;Drama;Sanders, George;Davis, Bette;Mankiewicz, Joseph L.;23.0;Yes
1986;96.0;Fly, The;Horror;Goldblum, Jeff;Davis, Geena;Cronenberg, David;33.0;No
1990;89.0;Quick Change;Comedy;Murray, Bill;Davis, Geena;Franklin, Howard ;24.0;No
1988;93.0;Lair of the White Worm, The;Horror;Grant, Hugh;Davis, Sammi;Russell, Ken;16.0;No
1989;104.0;Rainbow, The;Drama;Hemmings, David;Davis, Sammi;Russell, Ken;53.0;No
1956;120.0;Man Who Knew Too Much, The;Mystery;Stewart, James;Day, Doris;Hitchcock, Alfred;15.0;No
1992;90.0;Beauty & the Beast;Science Fiction;Marais, Jean;Day, Josette;Cocteau, Jean;14.0;No
1940;120.0;Foreign Correspondent;Mystery;McCrea, Joel;Day, Laraine;Hitchcock, Alfred;61.0;No
1949;115.0;Heiress, The;Drama;Richardson, Ralph;De Havilland, Olivia;Wyler, William;81.0;Yes
1986;120.0;Boy Who Could Fly, The;Drama;Underwood, Jay;Deakins, Lucy;Castle, Nick;25.0;No
1975;89.0;Terrorists, The;Action;Connery, Sean;Dean, Isabel;Wrede, Caspar;4.0;No
1942;85.0;Wheel of Fortune;Drama;Wayne, John;Dee, Frances;Auer, John H.;36.0;No
1989;120.0;Do the Right Thing;Drama;Aiello, Danny;Dee, Ruby;Lee, Spike;5.0;No
1990;93.0;Court-Martial of Jackie Robinson, The;Drama;Braugher, Andre;Dee, Ruby;Peerce, Larry;33.0;No
1967;90.0;Elvira Madigan;Drama;Berggren, Thommy;Degermark, Pia;Widerberg, Bo;28.0;No
1992;86.0;Hurricane Smith;Action;Weathers, Carl;Delaney, Cassandra;Budds, Colin;16.0;No
1983;99.0;Risky Business;Comedy;Cruise, Tom;DeMornay, Rebecca;Brickman, Paul;28.0;No
1980;103.0;I Love All of You (Je Vous Aime);Drama;Depardieu, Grard;Deneuve, Catherine;Berri, Claude;40.0;No
1986;108.0;Love Songs;Drama;Lambert, Christopher;Deneuve, Catherine;Chouraqui, Elie;15.0;No
1983;114.0;Le Choix des Armes;Mystery;Montand, Yves;Deneuve, Catherine;Comeau, Alain;15.0;No
1981;135.0;Choice of Arms;Action;Montand, Yves;Deneuve, Catherine;Corneau, Alan;87.0;No
1977;107.0;March or Die;War;Hackman, Gene;Deneuve, Catherine;Richards, Dick;59.0;No
1980;135.0;Last Metro, The;Drama;Depardieu, Grard;Deneuve, Catherine;Truffaut, Franois;66.0;No
1986;120.0;Jean de Florette;Drama;Montand, Yves;Depardieu, Elizabeth;Berri, Claude;87.0;Yes
1989;127.0;Fat Man & Little Boy;Drama;Newman, Paul;Dern, Laura;Joffe, Roland;86.0;No
1990;125.0;Wild at Heart;Drama;Cage, Nicolas;Dern, Laura;Lynch, David;6.0;No
1989;113.0;Family Business;Action;Connery, Sean;DeSoto, Rosana;Lumet, Sidney;5.0;No
1988;103.0;Stand & Deliver;Drama;Olmos, Edward James;DeSoto, Rosana;Menendez, Ramon;19.0;No
1981;94.0;Looker;Science Fiction;Finney, Albert;Dey, Susan;Crichton, Michael;62.0;No
1989;89.0;Fire & Rain;Action;Haid, Charles;Dickinson, Angie;Jameson, Jerry;10.0;No
1940;83.0;Seven Sinners;Drama;Wayne, John;Dietrich, Marlene;Garnett, Tay;24.0;No
1961;190.0;Judgment at Nuremberg;Drama;Tracy, Spencer;Dietrich, Marlene;Kramer, Stanley;39.0;Yes
1987;130.0;Wings of Desire;Drama;Ganz, Bruno;Dommartin, Solveig;Wenders, Wim;71.0;No
1991;158.0;Until the End of the World;Drama;Hurt, William;Dommartin, Solveig;Wenders, Wim;57.0;No
1987;118.0;Castaway;Drama;Reed, Oliver;Donohoe, Amanda;Roeg, Nicolas;41.0;No
1991;99.0;Delicatessen;Comedy;Benezech, Pascal;Dougnac, Marie-Laure;Caro, Marc;78.0;No
1979;110.0;Great Train Robbery, The;Mystery;Connery, Sean;Down, Lesley-Anne;Crichton, Michael;7.0;No
1991;110.0;Hanover Street;Drama;Ford, Harrison;Down, Lesley-Anne;Hyams, Peter;81.0;No
1991;102.0;Hunchback;Drama;Hopkins, Anthony;Down, Lesley-Anne;Tuchner, Michael;33.0;No
1946;97.0;My Darling Clementine;Western;Fonda, Henry;Downs, Cathy;Ford, John;12.0;No
1950;86.0;Wagon Master;Western;Johnson, Ben;Dru, Joanne;Ford, John;30.0;No
1949;93.0;She Wore a Yellow Ribbon;Western;Wayne, John;Dru, Joanne;Ford, John;84.0;No
1985;90.0;Fantasy Man;Comedy;Hopkins, Harold;Drynan, Jeanie;Meagher, John;82.0;No
1986;87.0;Monster in the Closet;Comedy;Grant, Donald;DuBarry, Denise;Dahlin, Bob;39.0;No
1992;85.0;Double Edge;Drama;Eban, Abba;Dunaway, Faye;Kollek, Amos;69.0;No
1976;116.0;Network;Comedy;Finch, Peter;Dunaway, Faye;Lumet, Sidney;48.0;Yes
1974;131.0;Chinatown;Drama;Nicholson, Jack;Dunaway, Faye;Polanski, Roman;55.0;Yes
1975;117.0;Three Days of the Condor;Drama;Redford, Robert;Dunaway, Faye;Pollack, Sydney;87.0;No
1977;134.0;Voyage of the Damned;Drama;Sydow, Max von;Dunaway, Faye;Rosenberg, Stuart;34.0;No
1987;97.0;Barfly;Drama;Rourke, Mickey;Dunaway, Faye;Schroeder, Barbet;23.0;No
1947;118.0;Life with Father;Comedy;Powell, William;Dunne, Irene;Curtiz, Michael;10.0;No
1974;117.0;Stavisky;Drama;Belmondo, Jean-Paul;Duperey, Anny;Resnais, Alain;1.0;No
1981;117.0;Time Bandits;Comedy;Cleese, John;Duvall, Shelley;Gilliam, Terry;5.0;No
1980;144.0;Shining, The;Horror;Nicholson, Jack;Duvall, Shelley;Kubrick, Stanley;32.0;No
1945;91.0;Flame of Barbary Coast;Western;Wayne, John;Dvorak, Ann;Kane, Joseph;54.0;No
1979;92.0;Brood, The;Horror;Reed, Oliver;Eggar, Samantha;Cronenberg, David;51.0;No
1970;123.0;Molly Maguires, The;Action;Connery, Sean;Eggar, Samantha;Ritt, Martin;3.0;No
1984;105.0;Beverly Hills Cop;Comedy;Murphy, Eddie;Eilbacher, Lisa;Brest, Martin;41.0;No
1991;86.0;Blind Man's Bluff;Mystery;Urich, Robert;Eilbacher, Lisa;Quinn, James;64.0;No
1961;140.0;La Dolce Vita;Drama;Mastroianni, Marcello;Ekberg, Anita;Fellini, Federico;20.0;No
1966;103.0;After the Fox;Comedy;Sellers, Peter;Ekland, Britt;De Sica, Vittorio;60.0;No
1974;127.0;Man with the Golden Gun, The;Action;Moore, Roger;Ekland, Britt;Hamilton, Guy;41.0;No
1985;96.0;Marbella;Action;Taylor, Rod;Ekland, Britt;Hermoso, Miguel;45.0;No
1967;103.0;Bobo, The;Comedy;Sellers, Peter;Ekland, Britt;Parrish, Robert;80.0;No
1992;97.0;Killer Image.;Mystery;Ironside, Michael;Errickson, Krista;Winning, David;8.0;No
1987;94.0;Kandyland;Drama;Laulette, Charles;Evenson, Kim;Schnitzer, Robert Allen;41.0;No
1987;94.0;Campus Man;Drama;Dye, John;Fairchild, Morgan;Casden, Ron;38.0;No
1956;101.0;Jubal;Drama;Ford, Glenn;Farr, Felicia;Daves, Delmer;32.0;No
1985;84.0;Purple Rose of Cairo, The;Comedy;Aiello, Danny;Farrow, Mia;Allen, Woody;20.0;Yes
1984;85.0;Broadway Danny Rose;Comedy;Allen, Woody;Farrow, Mia;Allen, Woody;14.0;No
1992;108.0;Husbands & Wives;Comedy;Allen, Woody;Farrow, Mia;Allen, Woody;80.0;No
1986;103.0;Hannah & Her Sisters;Comedy;Caine, Michael;Farrow, Mia;Allen, Woody;8.0;Yes
1979;115.0;Hurricane;Action;Robards, Jason;Farrow, Mia;Troell, Jan;8.0;No
1986;95.0;Between Two Women;Drama;Nouri, Michael;Fawcett, Farrah;Avnet, John;52.0;No
1981;96.0;Cannonball Run, The;Comedy;Reynolds, Burt;Fawcett, Farrah;Needham, Hal;80.0;No
1936;70.0;Doughnuts & Society;Comedy;Nugent, Eddie;Fazenda, Louise;Collins, Lewis D.;28.0;No
1978;450.0;Holocaust;Drama;Bottoms, Joseph;Feldshuh, Tovah;Chomsky, Marvin J.;1.0;No
1990;103.0;Meridian;Science Fiction;Jamieson, Malcolm;Fenn, Sherilyn;Band, Charles;47.0;No
1992;90.0;Diary of a Hitman;Drama;Whitaker, Forest;Fenn, Sherilyn;London, Roy;67.0;No
1988;95.0;Gor;Action;Reed, Oliver;Ferratti, Rebecca;Kiersch, Fritz;2.0;No
1987;95.0;Surrender;Comedy;Caine, Michael;Field, Sally;Belson, Jerry;84.0;No
1984;112.0;Places in the Heart;Drama;Harris, Ed;Field, Sally;Benton, Robert;83.0;Yes
1991;106.0;Not Without My Daughter;Drama;Molina, Alfred;Field, Sally;Gilbert, Brian;55.0;No
1977;113.0;Heroes;Drama;Winkler, Henry;Field, Sally;Kagan, Jeremy Paul;17.0;No
1981;116.0;Absence of Malice;Drama;Newman, Paul;Field, Sally;Pollack, Sydney;76.0;No
1979;110.0;Norma Rae;Drama;Bridges, Beau;Field, Sally;Ritt, Martin;64.0;Yes
1989;118.0;Steel Magnolias;Drama;Skerritt, Tom;Field, Sally;Ross, Herbert;66.0;No
1989;101.0;Burbs, The;Comedy;Hanks, Tom;Fisher, Carrie;Dante, Joe;42.0;No
1980;124.0;Empire Strikes Back, The;Science Fiction;Hamill, Mark;Fisher, Carrie;Kershner, Irvin;33.0;No
1977;121.0;Star Wars;Science Fiction;Hamill, Mark;Fisher, Carrie;Lucas, George;44.0;No
1983;132.0;Return of the Jedi;Science Fiction;Hamill, Mark;Fisher, Carrie;Marquand, Richard;4.0;No
1991;104.0;Hear My Song;Drama;Dunbar, Adrian;Fitzgerald, Tara;Chelsom, Peter;72.0;No
1956;99.0;Slightly Scarlet;Action;Payne, John;Fleming, Rhonda;Dwan, Allan;52.0;No
1957;120.0;Gunfight at the OK Corral;Western;Lancaster, Burt;Fleming, Rhonda;Sturges, John;84.0;No
1990;89.0;Bloodsucking Pharaohs in Pittsburgh;Comedy;Dengel, Jake;Fletcher, Suzanne;Smithey, Alan;79.0;No
1972;129.0;Roma;Drama;Gonzales, Peter;Florence, Fiona;Fellini, Federico;75.0;No
1979;122.0;China Syndrome, The;Drama;Douglas, Michael;Fonda, Jane;Bridges, James;43.0;No
1986;100.0;Morning After, The;Mystery;Bridges, Jeff;Fonda, Jane;Lumet, Sidney;6.0;No
1971;114.0;Klute;Drama;Sutherland, Donald;Fonda, Jane;Pakula, Alan J.;15.0;Yes
1979;113.0;Electric Horseman, The;Comedy;Redford, Robert;Fonda, Jane;Pollack, Sydney;34.0;No
1965;97.0;Cat Ballou;Comedy;Marvin, Lee;Fonda, Jane;Silverstein, Elliot;62.0;Yes
1940;130.0;Rebecca;Drama;Olivier, Laurence;Fontaine, Joan;Hitchcock, Alfred;78.0;Yes
1944;96.0;Jane Eyre;Drama;Welles, Orson;Fontaine, Joan;Stevenson, Robert;44.0;No
1973;87.0;Stacey!;Action;Randall, Anne;Ford, Anitra;Sidaris, Andy;31.0;No
1992;85.0;Naked Obsession;Mystery;Katt, William;Ford, Maria;Golden, Dan;26.0;No
1989;83.0;Stripped to Kill II, Live Girls;Mystery;Lottimer, Ed;Ford, Maria;Ruben, Katt Shea;80.0;No
1990;94.0;Rain Killer, The;Mystery;Sharkey, Ray;Ford, Maria;Stein, Ken;10.0;No
1983;95.0;Valley Girl;Comedy;Cage, Nicolas;Foreman, Deborah;Coolidge, Martha;30.0;No
1991;118.0;Silence of the Lambs, The;Mystery;Hopkins, Anthony;Foster, Jodie;Demme, Jonathan;8.0;Yes
1988;98.0;Stealing Home;Drama;Harmon, Mark;Foster, Jodie;Kampmann, Steven ;76.0;No
1972;92.0;Napoleon & Samantha;Comedy;Douglas, Michael;Foster, Jodie;McEveety, Bernard;33.0;No
1989;103.0;My Left Foot;Drama;Day-Lewis, Daniel;Fricker, Brenda;Sheridan, Jim;32.0;Yes
1987;92.0;Back to the Beach;Comedy;Avalon, Frankie;Funicello, Annette;Hobbs, Lyndall;45.0;No
1934;85.0;Painted Veil, The;Drama;Marshall, Herbert;Garbo, Greta;Boleslawski, Richard;57.0;No
1931;74.0;Inspiration;Drama;Apfel, Oscar;Garbo, Greta;Brown, Clarence;66.0;No
1930;92.0;Anna Christie;Drama;Bickford, Charles;Garbo, Greta;Brown, Clarence;0.0;No
1926;109.0;Flesh & the Devil, The;Drama;Gilbert, John;Garbo, Greta;Brown, Clarence;72.0;No
1928;90.0;Woman of Affairs;Drama;Gilbert, John;Garbo, Greta;Brown, Clarence;83.0;No
1935;96.0;Anna Karenina;Drama;March, Fredric;Garbo, Greta;Brown, Clarence;35.0;Yes
1936;110.0;Camille;Drama;Taylor, Robert;Garbo, Greta;Cukor, George;74.0;No
1931;91.0;Mata Hari;Drama;Novarro, Ramon;Garbo, Greta;Fitzmaurice, George;67.0;No
1929;100.0;Wild Orchids;Drama;Stone, Lewis;Garbo, Greta;Franklin, Sidney;70.0;No
1932;112.0;Grand Hotel;Drama;Barrymore, John;Garbo, Greta;Goulding, Edmund;81.0;Yes
1931;84.0;Susan Lennox, Her Fall & Rise;Drama;Hale, Alan;Garbo, Greta;Leonard, Robert Z.;64.0;No
1939;108.0;Ninotchka;Comedy;Douglas, Melvyn;Garbo, Greta;Lubitsch, Ernst;40.0;No
1933;97.0;Queen Christina;Drama;Gilbert, John;Garbo, Greta;Mamoulian, Rouben;82.0;No
1928;96.0;Mysterious Lady, The;Drama;Nagel, Conrad;Garbo, Greta;Niblo, Fred;72.0;No
1925;125.0;Joyless Street;Drama;Stuart, Henry;Garbo, Greta;Pabst, Georg Wilhelm;73.0;No
1929;74.0;Single Standard, The;Drama;Asther, Nils;Garbo, Greta;Robertson, John S.;73.0;No
1962;105.0;A Child Is Waiting;Drama;Lancaster, Burt;Garland, Judy;Cassavetes, John;60.0;No
1982;116.0;Tootsie;Comedy;Hoffman, Dustin;Garr, Teri;Pollack, Sydney;8.0;Yes
1989;86.0;Let It Ride;Comedy;Dreyfuss, Richard;Garr, Teri;Pytka, Joe;88.0;No
1953;120.0;Julius Caesar;Drama;Brando, Marlon;Garson, Greer;Mankiewicz, Joseph L.;50.0;No
1979;120.0;Nineteen Forty-One;Comedy;Belushi, John;Gary, Lorraine;Spielberg, Steven;24.0;No
1975;124.0;Jaws;Action;Scheider, Roy;Gary, Lorraine;Spielberg, Steven;6.0;No
1987;93.0;Hot Pursuit;Drama;Cusack, John;Gazelle, Wendy;Lisberger, Steven;44.0;No
1989;120.0;Triumph of the Spirit;Drama;Dafoe, Willem;Gazelle, Wendy;Young, Robert M.;49.0;No
1975;111.0;Brannigan;Drama;Wayne, John;Geeson, Judy;Hickox, Douglas;64.0;No
1979;89.0;Buffet Froid;Comedy;Depardieu, Grard;Gence, Denise;Blier, Bertrand;75.0;No
1986;122.0;Salvador;Drama;Woods, James;Gibb, Cynthia;Stone, Oliver;77.0;No
1959;102.0;Horse Soldiers, The;Western;Wayne, John;Gibson, Althea;Ford, John;76.0;No
1954;108.0;Long John Silver;Action;Newton, Robert;Gilchrist, Connie;Haskin, Byron;56.0;No
1961;134.0;Hustler, The;Drama;Newman, Paul;Gleason, Jackie;Rossen, Robert;43.0;Yes
1983;109.0;Star Chamber, The;Drama;Douglas, Michael;Gless, Sharon;Hyam, Peter;3.0;No
1988;100.0;Clara's Heart;Drama;Ontkean, Michael;Goldberg, Whoopi;Mulligan, Robert;60.0;No
1987;102.0;Burglar;Comedy;Goldthwait, Bob;Goldberg, Whoopi;Wilson, Hugh;44.0;No
1978;117.0;Bloodbrothers;Drama;Sorvino, Paul;Goldoni, Lelia;Mulligan, Robert;11.0;No
1988;134.0;Rain Man;Drama;Hoffman, Dustin;Golino, Valeria;Levinson, Barry;8.0;Yes
1966;95.0;Masculine Feminine;Drama;Leaud, Jean-Pierre;Goya, Chantal;Godard, Jean-Luc;20.0;No
1964;51.0;Outer Limits, The;Science Fiction;Perrin, Vic;Grahame, Gloria;Stanley, Paul;27.0;No
1979;180.0;Last Ride of the Dalton Gang, The;Western;Palance, Jack;Greenbush, Lindsay;Curtis, Dan;62.0;No
1932;66.0;Number Seventeen;Crime;Lion, Leon M.;Grey, Anne;Hitchcock, Alfred;66.0;No
1986;120.0;Manhunter;Drama;Petersen, William L.;Griest, Kim;Mann, Michael;19.0;No
1990;126.0;Bonfire of the Vanities, The;Drama;Hanks, Tom;Griffith, Melanie;De Palma, Brian;82.0;No
1988;115.0;Working Girl;Comedy;Ford, Harrison;Griffith, Melanie;Nichols, Mike;25.0;No
1992;133.0;Shining Through;Mystery;Douglas, Michael;Griffith, Melanie;Seltzer, David;11.0;No
1988;99.0;Tokyo Pop;Comedy;Tadokoro, Yutaka;Hamilton, Carrie;Kuzui, Fran Rubel;2.0;No
1991;136.0;Terminator 2;Action;Schwarzenegger, Arnold;Hamilton, Linda;Cameron, James;8.0;No
1984;108.0;Terminator, The;Action;Schwarzenegger, Arnold;Hamilton, Linda;Cameron, James;17.0;No
1986;105.0;King Kong Lives!;Action;Kerwin, Brian;Hamilton, Linda;Guillermin, John;20.0;No
1991;186.0;At Play in the Fields of the Lord;Drama;Berenger, Tom;Hannah, Daryl;Babenco, Hector;81.0;No
1992;99.0;Memoirs of an Invisible Man;Comedy;Chase, Chevy;Hannah, Daryl;Carpenter, John;58.0;No
1985;100.0;Clan of the Cave Bear, The;Drama;Remar, James;Hannah, Daryl;Chapman, Michael;73.0;No
1983;82.0;Final Terror, The;Horror;Zmed, Adrian;Hannah, Daryl;Davis, Andrew;24.0;No
1984;93.0;Reckless;Drama;Quinn, Aidan;Hannah, Daryl;Foley, James;14.0;No
1987;107.0;Roxanne;Comedy;Martin, Steve;Hannah, Daryl;Schepisi, Fred;66.0;No
1982;117.0;Blade Runner;Action;Ford, Harrison;Hannah, Daryl;Scott, Ridley;1.0;No
1987;126.0;Wall Street;Drama;Douglas, Michael;Hannah, Daryl;Stone, Oliver;6.0;Yes
1938;298.0;Flaming Frontiers;Western;Brown, Johnny Mack;Hansen, Eleanor;Taylor, Ray;82.0;No
1936;89.0;Libeled Lady;Comedy;Powell, William;Harlow, Jean;Conway, Jack;86.0;No
1976;99.0;Inserts;Drama;Dreyfuss, Richard;Harper, Jessica;Byrum, John;85.0;No
1988;88.0;Blue Iguana, The;Drama;McDermott, Dylan;Harper, Jessica;Lafia, John;65.0;No
1983;93.0;Tender Mercies;Drama;Duvall, Robert;Harper, Tess;Beresford, Bruce;61.0;Yes
1987;96.0;Nights in White Satin;Drama;Gilman, Kenneth;Harris, Priscilla;Barnard, Michael;5.0;No
1989;87.0;Videodrome;Horror;Woods, James;Harry, Deborah;Cronenberg, David;36.0;No
1991;96.0;Intimate Stranger;Mystery;Russo, James;Harry, Deborah;Holzman, Allan;23.0;No
1986;110.0;Highlander;Science Fiction;Lambert, Christopher;Hart, Roxanne;Mulcahy, Russell;8.0;No
1989;104.0;Tango & Cash;Action;Stallone, Sylvester;Hatcher, Teri;Konchalovsky, Andrei;9.0;No
1970;94.0;There's a Girl in My Soup;Comedy;Sellers, Peter;Hawn, Goldie;Boulting, Roy;41.0;No
1984;100.0;Swing Shift;Drama;Russell, Kurt;Hawn, Goldie;Demme, Jonathan;81.0;No
1978;112.0;Foul Play;Comedy;Chase, Chevy;Hawn, Goldie;Higgins, Colin;46.0;No
1982;109.0;Best Friends;Comedy;Reynolds, Burt;Hawn, Goldie;Jewison, Norman;74.0;No
1972;109.0;Butterflies Are Free;Drama;Albert, Edward;Hawn, Goldie;Katselas, Milton;82.0;Yes
1987;112.0;Overboard;Comedy;Russell, Kurt;Hawn, Goldie;Marshall, Garry;6.0;No
1974;103.0;Girl from Petrovka, The;Drama;Holbrook, Hal;Hawn, Goldie;Miller, Robert Ellis;23.0;No
1992;102.0;Housesitter;Comedy;Martin, Steve;Hawn, Goldie;Oz, Frank;14.0;No
1986;106.0;Wildcats;Comedy;Keach, James;Hawn, Goldie;Ritchie, Michael;22.0;No
1984;100.0;Protocol;Comedy;Sarandon, Chris;Hawn, Goldie;Ross, Herbert;53.0;No
1980;102.0;Seems Like Old Times;Comedy;Chase, Chevy;Hawn, Goldie;Sandrich, Jay;49.0;No
1974;109.0;Sugarland Express, The;Drama;Johnson, Ben;Hawn, Goldie;Spielberg, Steven;28.0;No
1980;110.0;Private Benjamin;Comedy;Assante, Armand;Hawn, Goldie;Zieff, Howard;61.0;No
1931;95.0;Arrowsmith;Drama;Colman, Ronald;Hayes, Helen;Ford, John;84.0;No
1972;78.0;Say Goodbye Maggie Cole;Drama;McGavin, Darren;Hayward, Susan;Taylor, Jud;84.0;No
1964;132.0;Circus World;Drama;Wayne, John;Hayworth, Rita;Hathaway, Henry;29.0;No
1952;98.0;Affair in Trinidad;Drama;Ford, Glenn;Hayworth, Rita;Sherman, Vincent;49.0;No
1948;87.0;Lady from Shanghai;Mystery;Welles, Orson;Hayworth, Rita;Welles, Orson;16.0;No
1940;81.0;Lady in Question;Drama;Aherne, Brian;Hayworth, Rita;Vidor, Charles;57.0;No
1946;110.0;Gilda;Drama;Ford, Glenn;Hayworth, Rita;Vidor, Charles;57.0;No
1948;98.0;Loves of Carmen, The;Drama;Ford, Glenn;Hayworth, Rita;Vidor, Charles;48.0;No
1990;105.0;Dick Tracy;Comedy;Beatty, Warren;Headley, Glenne;Beatty, Warren;84.0;No
1964;130.0;Marnie;Drama;Connery, Sean;Hedren, Tippi;Hitchcock, Alfred;2.0;No
1987;85.0;Hot Child in the City;Mystery;Prysirr, Geof;Hendrix, Leah Ayres;Florea, John;0.0;No
1984;90.0;Johnny Dangerously;Comedy;Piscopo, Joe;Henner, Marilu;Heckerling, Amy;3.0;No
1985;95.0;Stark;Mystery;Surovy, Nicolas;Henner, Marilu;Holcomb, Rod;27.0;No
1949;84.0;Three Strange Loves;Drama;Malmsten, Birger;Henning, Eva;Bergman, Ingmar;87.0;No
1964;170.0;My Fair Lady;Music;Harrison, Rex;Hepburn, Audrey;Cukor, George;10.0;Yes
1960;123.0;Unforgiven, The;Drama;Lancaster, Burt;Hepburn, Audrey;Huston, John;32.0;No
1976;106.0;Robin & Marian;Action;Connery, Sean;Hepburn, Audrey;Lester, Richard;6.0;No
1961;109.0;Children's Hour, The;Drama;Garner, James;Hepburn, Audrey;Wyler, William;60.0;No
1956;121.0;Rainmaker, The;Drama;Lancaster, Burt;Hepburn, Katharine;Anthony, Joseph;21.0;No
1952;95.0;Pat & Mike;Comedy;Tracy, Spencer;Hepburn, Katharine;Cukor, George;48.0;No
1968;134.0;Lion in Winter, THe;Drama;O'Toole, Peter;Hepburn, Katharine;Harvey, Anthony;78.0;Yes
1991;132.0;Sea of Grass, The;Western;Tracy, Spencer;Hepburn, Katharine;Kazan, Elia;75.0;No
1967;108.0;Guess Who's Coming to Dinner;Drama;Tracy, Spencer;Hepburn, Katharine;Kramer, Stanley;50.0;Yes
1957;153.0;Desk Set;Comedy;Tracy, Spencer;Hepburn, Katharine;Lang, Walter;51.0;No
1975;107.0;Rooster Cogburn;Western;Wayne, John;Hepburn, Katharine;Miller, Stuart;76.0;No
1981;109.0;On Golden Pond;Drama;Fonda, Henry;Hepburn, Katharine;Rydell, Mark;23.0;Yes
1992;95.0;Juice;Drama;Shakur, Tupac;Herron, Cindy;Dickerson, Ernest R.;31.0;No
1986;114.0;Hoosiers;Drama;Hackman, Gene;Hershey, Barbara;Anspaugh, David;2.0;No
1987;112.0;Tin Men;Comedy;Dreyfuss, Richard;Hershey, Barbara;Levinson, Barry;50.0;No
1988;163.0;Last Temptation of Christ, The;Drama;Dafoe, Willem;Hershey, Barbara;Scorsese, Martin;32.0;No
1988;87.0;Souvenir;Drama;Plummer, Christopher;Hicks, Catherine;Reeve, Geoffrey;42.0;No
1966;120.0;A Man for All Seasons;Drama;Shaw, Robert;Hiller, Wendy;Zinnemann, Fred;20.0;Yes
1989;83.0;Masque of the Red Death;Horror;MacNee, Patrick;Hoak, Clare;Brand, Larry;9.0;No
1943;265.0;Adventures of Smilin' Jack, The;Mystery;Brown, Tom;Hobart, Rose;Taylor, Ray;77.0;No
1992;88.0;Adventures in Dinosaur City;Action;Katz, Omri;Hoffman, Shawn;Thompson, Brett;19.0;No
1987;95.0;Allnighter, The;Comedy;Terlesky, John;Hoffs, Susanna;Hoffs, Tamar Simon;71.0;No
1980;99.0;Caddyshack;Comedy;Chase, Chevy;Holcomb, Sarah;Ramis, Harold;70.0;No
1973;102.0;Tom Sawyer;Music;Whitaker, Johnny;Holm, Celeste;Taylor, Don;11.0;No
1987;94.0;Rita, Sue & Bob Too;Comedy;Finneran, Siohban;Holmes, Michelle;Clarke, Alan;5.0;No
1947;56.0;Hawk of Powder River;Western;Dean, Eddie;Holt, Jennifer;Taylor, Ray;61.0;No
1928;148.0;Tempest;Drama;Barrymore, John;Horn, Camilla;Taylor, Sam;33.0;No
1986;90.0;Running Mates;Drama;Webb, Greg;Howard, Barbara;Neff, Thomas L.;63.0;No
1987;105.0;Prettykill;Drama;Birney, David;Hubley, Season;Kaczender, George;71.0;No
1934;80.0;Judge Priest;Drama;Rogers, Will;Hudson, Rochelle;Ford, John;9.0;No
1950;104.0;Harvey;Comedy;Stewart, James;Hull, Josephine;Koster, Henry;42.0;No
1991;89.0;If Looks Could Kill;Action;Grieco, Richard;Hunt, Linda;Wilmington, Michael;10.0;No
1987;94.0;Raising Arizona;Comedy;Cage, Nicolas;Hunter, Holly;Coen, Joel;23.0;No
1989;114.0;Once Around;Comedy;Dreyfuss, Richard;Hunter, Holly;Hallstrm, Lasse;68.0;No
1980;110.0;Loulou;Drama;Depardieu, Grard;Huppert, Isabelle;Pialat, Maurice;65.0;No
1982;136.0;World According to Garp, The;Drama;Williams, Robin;Hurt, Mary Beth;Hill, George Roy;59.0;No
1980;106.0;Virus;Science Fiction;Kennedy, George;Hussey, Olivia;Fukasaku, Kinji;62.0;No
1940;127.0;Northwest Passage;Action;Tracy, Spencer;Hussey, Ruth;Vidor, King;51.0;No
1987;112.0;Gardens of Stone;Drama;Caan, James;Huston, Anjelica;Coppola, Francis Ford;27.0;No
1989;121.0;Enemies, a Love Story;Drama;Silver, Ron;Huston, Anjelica;Mazursky, Paul;5.0;No
1992;102.0;Addams Family, The;Comedy;Julia, Raul;Huston, Anjelica;Sonnenfeld, B.;8.0;No
1932;65.0;Freaks;Horror;Ford, Wallace;Hyams, Leila;Browning, Tod;61.0;No
1991;108.0;Necessary Roughness;Comedy;Bakula, Scott;Ireland, Kathy;Dragoti, Stan;60.0;No
1990;93.0;A Show of Force;Drama;Garcia, Andy;Irving, Amy;Barreto, Bruno;1.0;No
1980;129.0;Competition, The;Drama;Dreyfuss, Richard;Irving, Amy;Oliansky, Joel;45.0;No
1988;97.0;Crossing Delancey;Comedy;Riegert, Peter;Irving, Amy;Silver, Joan Micklin;6.0;No
1982;120.0;State of Things, The;Drama;Kime, Jeffrey;Weingarten, Isabelle;Wenders, Wim;73.0;No
1987;89.0;Business As Usual;Comedy;Thaw, John;Jackson, Glenda;Barrett, Lezli-An;17.0;No
1973;103.0;A Touch of Class;Comedy;Segal, George;Jackson, Glenda;Frank, Melvin;79.0;Yes
1970;129.0;Women in Love.;Drama;Bates, Alan;Jackson, Glenda;Russell, Ken;18.0;No
1988;89.0;Salome's Last Dance;Comedy;Johns, Stratford;Jackson, Glenda;Russell, Ken;76.0;No
1986;100.0;Casino;Mystery;Connors, Mike;Jackson, Sherry;Chaffey, Don;5.0;No
1955;108.0;Smiles of a Summer Night;Comedy;Bjrnstrand, Gunnar;Jacobsson, Ulla;Bergman, Ingmar;58.0;No
1989;90.0;New Year's Day;Comedy;Jaglom, Henry;Jakobsen, Maggie;Jaglom, Henry;88.0;No
1981;132.0;Mephisto;Drama;Brandauer, Klaus Maria;Janda, Krystyna;Szab, Istvn;80.0;Yes
1927;60.0;Easy Virtue;Mystery;Dyall, Franklin;Jeans, Isabel;Hitchcock, Alfred;45.0;No
1991;83.0;Strictly Business;Comedy;Davidson, Tommy;Johnson, Anne-Marie;Hooks, Kevin;3.0;No
1983;90.0;Blame It on Rio;Comedy;Caine, Michael;Johnson, Michelle;Donen, Stanley;10.0;No
1987;86.0;Straight to Hell;Action;Hopper, Dennis;Jones, Grace;Cox, Alex;47.0;No
1986;100.0;American Anthem;Drama;Gaylord, Mitch;Jones, Janet;Magnoli, Albert;74.0;No
1963;99.0;Bedtime Story;Comedy;Brando, Marlon;Jones, Shirley;Levy, Ralph;7.0;No
1988;102.0;Night Train to Katmandu, THe;Action;Roberts, Pernell;Jovovich, Milla;Wiemer, Robert;43.0;No
1948;100.0;Port of Call;Drama;Eklund, Bengt;Jnsson, Nine-Christine;Bergman, Ingmar;29.0;No
1973;103.0;Paper Moon;Comedy;O'Neal, Ryan;Kahn, Madeline;Bogdanovich, Peter;3.0;Yes
1983;97.0;Yellowbeard;Comedy;Chapman, Graham;Kahn, Madeline;Damski, Mel;34.0;No
1975;91.0;Adventures of Sherlock Holmes' Smarter;Comedy;Wilder, Gene;Kahn, Madeline;Wilder, Gene;42.0;No
1990;108.0;Flashback;Comedy;Hopper, Dennis;Kane, Carol;Amurri, Franco;19.0;No
1977;89.0;World's Greatest Lover, The;Comedy;Wilder, Gene;Kane, Carol;Wilder, Gene;42.0;No
1955;67.0;Killer's Kiss;Mystery;Silvera, Frank;Kane, Irene;Kubrick, Stanley;66.0;No
1988;103.0;Deceivers, The;Action;Brosnan, Pierce;Kapoor, Shashi;Meyer, Nicholas;14.0;No
1983;97.0;Breathless;Action;Gere, Richard;Kaprisky, Valerie;McBride, Jim;51.0;No
1989;145.0;Born on the Fourth of July;Drama;Cruise, Tom;Kava, Caroline;Stone, Oliver;8.0;Yes
1991;120.0;Awakenings;Drama;De Niro, Robert;Kavner, Julie;Marshall, Penny;8.0;No
1977;94.0;Annie Hall;Comedy;Allen, Woody;Keaton, Diane;Allen, Woody;68.0;Yes
1979;96.0;Manhattan;Comedy;Allen, Woody;Keaton, Diane;Allen, Woody;82.0;Yes
1981;195.0;Reds;Drama;Beatty, Warren;Keaton, Diane;Beatty, Warren;76.0;Yes
1986;105.0;Crimes of the Heart;Comedy;Shepard, Sam;Keaton, Diane;Beresford, Bruce;84.0;No
1977;136.0;Looking for Mr. Goodbar;Drama;Atherton, William;Keaton, Diane;Brooks, Richard;54.0;No
1972;175.0;Godfather, The;Drama;Brando, Marlon;Keaton, Diane;Coppola, Francis Ford;8.0;Yes
1974;201.0;Godfather, Pt 2., The;Drama;Pacino, Al;Keaton, Diane;Coppola, Francis Ford;8.0;Yes
1976;109.0;I Will, I Will...For Now;Comedy;Gould, Elliott;Keaton, Diane;Panama, Norman;6.0;No
1972;86.0;Play It Again, Sam;Comedy;Allen, Woody;Keaton, Diane;Ross, Herbert;81.0;No
1970;130.0;Fellini Satyricon;Drama;Potter, Martin;Keller, Hiram;Fellini, Federico;88.0;No
1980;117.0;Formula, The;Mystery;Scott, George C.;Keller, Marthe;Avildsen, John G.;82.0;No
1977;143.0;Black Sunday;Drama;Shaw, Robert;Keller, Marthe;Frankenheimer, John;76.0;No
1977;124.0;Bobby Deerfield;Drama;Pacino, Al;Keller, Marthe;Pollack, Sydney;36.0;No
1972;98.0;Last of the Red Hot Lovers;Comedy;Arkin, Alan;Kellerman, Sally;Saks, Gene;40.0;No
1953;116.0;Mogambo;Action;Gable, Clark;Kelly, Grace;Ford, John;71.0;No
1955;103.0;To Catch a Thief;Mystery;Grant, Cary;Kelly, Grace;Hitchcock, Alfred;69.0;No
1954;113.0;Rear Window;Mystery;Stewart, James;Kelly, Grace;Hitchcock, Alfred;25.0;No
1945;69.0;Woman Who Came Back;Drama;Kruger, Otto;Kelly, Nancy;Colmes, Walter;26.0;No
1939;101.0;Stanley & Livingstone;Action;Tracy, Spencer;Kelly, Nancy;King, Henry;11.0;No
1956;129.0;Bad Seed, The;Horror;Jones, Henry;Kelly, Nancy;LeRoy, Mervyn;69.0;No
1989;113.0;Lethal Weapon 2;Action;Gibson, Mel;Kensit, Patsy;Donner, Richard;69.0;No
1992;79.0;Blame It on the Bellboy;Comedy;Moore, Dudley;Kensit, Patsy;Herman, Mark;69.0;No
1978;145.0;Superman, The Movie;Action;Brando, Marlon;Kidder, Margot;Donner, Richard;87.0;No
1987;90.0;Superman IV: The Quest for Peace;Action;Reeve, Christopher;Kidder, Margot;Furie, Sidney J.;77.0;No
1970;90.0;Quackser Fortune Has a Cousin in the Bronx;Comedy;Wilder, Gene;Kidder, Margot;Waris, Hussein;49.0;No
1989;96.0;Dead Calm;Mystery;Neill, Sam;Kidman, Nicole;Noyce, Phillip;1.0;No
1990;107.0;Days of Thunder;Action;Cruise, Tom;Kidman, Nicole;Scott, Tony;3.0;No
1987;101.0;My Life As a Dog;Comedy;Glanzelius, Anton;Kinnaman, Melinda;Hallstrm, Lasse;21.0;No
1984;150.0;Paris, Texas;Drama;Stanton, Harry Dean;Kinski, Nastassia;Wenders, Wim;27.0;No
1984;96.0;Unfaithfully Yours;Comedy;Moore, Dudley;Kinski, Nastassia;Zieff, Howard;73.0;No
1987;95.0;Bullseye!;Comedy;Caine, Michael;Kirkland, Sally;Winner, Michael;8.0;No
1989;104.0;Erik the Viking;Action;Robbins, Tim;Kitt, Eartha;Jones, Terry;25.0;No
1987;90.0;Dragonard;Drama;Reed, Oliver;Kitt, Eartha;Kikoine, Gerard;71.0;No
1986;90.0;Hard Choices;Drama;McCleery, Gary;Klenck, Margaret;King, Rick;41.0;No
1969;102.0;Rain People, The;Drama;Caan, James;Knight, Shirley;Coppola, Francis Ford;78.0;No
1984;106.0;A Year of the Quiet Sun;Drama;Wilson, Scott;Komorowska, Maja;Zanussi, Krzystoff;78.0;No
1935;54.0;Desert Trail, The;Western;Wayne, John;Kornman, Mary;Collins, Lewis D.;50.0;No
1990;98.0;Almost an Angel;Comedy;Hogan, Paul;Kozlowski, Linda;Cornell, John;14.0;No
1986;98.0;Crocodile Dundee;Comedy;Hogan, Paul;Kozlowski, Linda;Faiman, Peter;66.0;No
1977;127.0;American Friend, The;Mystery;Hopper, Dennis;Kreuzer, Lisa;Wenders, Wim;35.0;No
1989;119.0;See You in the Morning;Drama;Bridges, Jeff;Krige, Alice;Pakula, Alan J.;53.0;No
1987;88.0;Arrogant, The;Drama;Graham, Gary;Kristel, Sylvia;Blot, Philippe;62.0;No
1989;86.0;Dracula's Widow;Horror;Sommer, Josef;Kristel, Sylvia;Coppola, Christopher;55.0;No
1987;90.0;Ninja Masters of Death;Action;Peterson, Chris;Kruize, Kelly;Lambert, Bruce;15.0;No
1990;110.0;Mystery Train;Comedy;Nagase, Masatoshi;Kudoh, Youki;Jarmusch, Jim;23.0;No
1978;114.0;Go Tell the Spartans;War;Lancaster, Burt;Kumagai, Denice;Post, Ted;67.0;No
1986;89.0;True Stories;Comedy;Goodman, John;Kurtz, Swoosie;Byrne, David;79.0;No
1953;94.0;Ugetsu Monogatari;Drama;Mori, Masayuki;Ky, Machiki;Mizoguchi, Kenji;82.0;No
1969;80.0;Rebel Rousers;Action;Nicholson, Jack;Ladd, Diane;Cohen, Martin B.;44.0;No
1988;98.0;Plain Clothes;Comedy;Howard, Arliss;Ladd, Diane;Coolidge, Martha;4.0;No
1981;119.0;Whose Life Is It, Anyway?;Drama;Dreyfuss, Richard;Lahti, Christine;Badham, John;62.0;No
1988;116.0;Running on Empty;Drama;Hirsch, Judd;Lahti, Christine;Lumet, Sidney;2.0;No
1990;101.0;Funny about Love;Comedy;Wilder, Gene;Lahti, Christine;Nimoy, Leonard;60.0;No
1985;118.0;A Chorus Line, The Movie;Music;Douglas, Michael;Landers, Audrey;Attenborough, Richard;71.0;No
1986;84.0;Stewardess School;Comedy;Most, Donald;Landers, Judy;Blancato, Ken;28.0;No
1987;109.0;Big Town, The;Drama;Dillon, Matt;Lane, Diane;Bolt, Ben;11.0;No
1983;94.0;Rumble Fish;Drama;Dillon, Matt;Lane, Diane;Coppola, Francis Ford;4.0;No
1983;91.0;Outsiders, The;Drama;Howell, C. Thomas;Lane, Diane;Coppola, Francis Ford;56.0;No
1990;94.0;Priceless Beauty;Science Fiction;Lambert, Christopher;Lane, Diane;Finch, Charles;7.0;No
1989;93.0;Streets of Fire;Action;Par, Michael;Lane, Diane;Hill, Walter;65.0;No
1990;115.0;Men Don't Leave;Drama;Howard, Arliss;Lange, Jessica;Brickman, Paul;66.0;No
1988;127.0;Everybody's All American;Romance;Quaid, Dennis;Lange, Jessica;Hackford, Taylor;62.0;No
1992;128.0;Cape Fear;Mystery;De Niro, Robert;Lange, Jessica;Scorsese, Martin;7.0;No
1949;58.0;Crashing Thru;Western;Wilson, Whip;Larson, Christine;Taylor, Ray;19.0;No
1978;109.0;Get Out Your Handkerchiefs;Comedy;Depardieu, Grard;Laure, Carole;Blier, Bertrand;78.0;Yes
1971;137.0;Boy Friend, THe;Music;Gable, Christopher;Lawson, Twiggy;Russell, Ken;8.0;No
1990;100.0;Hard To Kill;Action;Seagal, Steven;LeBrock, Kelly;Malmuth, Bruce;49.0;No
1960;109.0;Psycho;Horror;Perkins, Anthony;Leigh, Janet;Hitchcock, Alfred;56.0;No
1957;112.0;Jet Pilot;Action;Wayne, John;Leigh, Janet;Sternberg, Josef von;43.0;No
1987;95.0;Under Cover;Mystery;Neidorf, David;Leigh, Jennifer Jason;Stockwell, John;36.0;No
1951;122.0;A Streetcar Named Desire;Drama;Brando, Marlon;Leigh, Vivien;Kazan, Elia;75.0;Yes
1986;93.0;Golden Child, The;Comedy;Murphy, Eddie;Lewis, Charlotte;Ritchie, Michael;86.0;No
1971;84.0;Statue, The;Drama;Niven, David;Lisi, Virna;Amateau, Rod;80.0;No
1985;128.0;Christopher Columbus;Drama;Byrne, Gabriel;Lisi, Virna;Lattuada, Alberto;69.0;No
1989;116.0;In Country;Drama;Willis, Bruce;Lloyd, Emily;Jewison, Norman;76.0;No
1978;132.0;Wild Geese, The;Action;Burton, Richard;Lloyd, Rosalind;McLaglen, Andrew V.;21.0;No
1974;90.0;Second Coming of Suzanne., The;Drama;Dreyfuss, Richard;Locke, Sondra;Barry, Michael;21.0;No
1980;116.0;Bronco Billy;Westerns;Eastwood, Clint;Locke, Sondra;Eastwood, Clint;57.0;No
1977;109.0;Gauntlet, The;Action;Eastwood, Clint;Locke, Sondra;Eastwood, Clint;18.0;No
1986;105.0;Ratboy;Drama;Townsend, Robert;Locke, Sondra;Locke, Sondra;1.0;No
1938;96.0;Lady Vanishes;Mystery;Redgrave, Michael;Lockwood, Margaret;Hitchcock, Alfred;27.0;No
1987;95.0;Kitchen Toto, THe;Drama;Peck, Bob;Logan, Phyllis;Hook, Harry;41.0;No
1959;88.0;Carlton-Browne of the F.O.;Comedy;Terry, Thomas;Lohr, Marie;Boulting, Roy;63.0;No
1929;68.0;Racketeer;Drama;Armstrong, Robert;Lombard, Carole;Higgin, Howard;2.0;No
1941;95.0;Mr. & Mrs. Smith;Comedy;Montgomery, Robert;Lombard, Carole;Hitchcock, Alfred;3.0;No
1986;132.0;Alrededor de Medianoche;Drama;Cluzet, Francois;McKee, Lonette;Rayfield, David;47.0;No
1982;101.0;Losin' It;Comedy;Cruise, Tom;Long, Shelley;Hanson, Curtis;4.0;No
1987;114.0;Into the Homeland;Action;Boothe, Powers;Longstreth, Emily;Glatter, Lesli Linka;34.0;No
1991;60.0;Boxing Babes;Action;Nichol, Robin;Lords, Traci;Dell, Stewart;9.0;No
1991;94.0;Shock 'em Dead;Horror;Donahue, Troy;Lords, Traci;Freed, Mark;31.0;No
1960;101.0;Heller in Pink Tights;Drama;Quinn, Anthony;Loren, Sophia;Cukor, George;52.0;No
1961;100.0;Two Women;Drama;Belmondo, Jean-Paul;Loren, Sophia;De Sica, Vittorio;83.0;Yes
1954;107.0;Gold of Naples, The;Drama;De Sica, Vittorio;Loren, Sophia;De Sica, Vittorio;40.0;No
1963;118.0;Yesterday, Today & Tomorrow;Comedy;Mastroianni, Marcello;Loren, Sophia;De Sica, Vittorio;73.0;Yes
1957;109.0;Legend of the Lost;Action;Wayne, John;Loren, Sophia;Hathaway, Henry;84.0;No
1978;111.0;Brass Target;Action;Cassavetes, John;Loren, Sophia;Hough, John;53.0;No
1964;188.0;Fall of the Roman Empire, The;Drama;Boyd, Stphen;Loren, Sophia;Mann, Anthony;62.0;No
1961;172.0;El Cid;Drama;Heston, Charlton;Loren, Sophia;Mann, Anthony;10.0;No
1958;114.0;Desire under the Elms;Drama;Perkins, Anthony;Loren, Sophia;Mann, Delbert;13.0;No
1953;92.0;Two Nights with Cleo;Drama;Sordi, Alberto;Loren, Sophia;Mattoli, Mario;54.0;No
1977;91.0;Angela;Drama;Railsback, Steve;Loren, Sophia;Sagal, Boris;80.0;No
1977;105.0;A Special Day;Drama;Mastroianni, Marcello;Loren, Sophia;Scola, Ettore;80.0;Yes
1979;112.0;Blood Feud;Action;Mastroianni, Marcello;Loren, Sophia;Wertmuller, Lina;52.0;No
1986;94.0;RAD;Action;Allen, Bill;Loughlin, Lori;Needham, Hal;75.0;No
1979;85.0;Cocaine Cowboys;Action;Palance, Jack;Love, Suzanna;Lommel, Ulli;17.0;No
1943;64.0;Ape Man, The;Horror;Ford, Wallace;Lugosi, Bela;Beaudine, William;83.0;No
1986;125.0;Mission, The;Drama;De Niro, Robert;Lunghi, Cherie;Joffe, Roland;20.0;No
1991;102.0;Curly Sue;Comedy;Belushi, Jim;Lynch, Kelly;Hughes, John;2.0;No
1962;150.0;Lolita;Drama;Mason, James;Lyon, Sue;Kubrick, Stanley;80.0;No
1989;101.0;Sex, Lies, and Videotape;Drama;Spader, James;MacDowell, Andie;Soderbergh, Steven;70.0;Yes
1990;107.0;Green Card;Comedy;Depardieu, Grard;MacDowell, Andie;Weir, Peter;25.0;No
1988;95.0;Gator Bait II;Action;Muzzcat, Paul;MacKenzie, Jan;Sebastian, Beverly;73.0;No
1979;129.0;Being There;Comedy;Sellers, Peter;MacLaine, Shirley;Ashby, Hal;31.0;Yes
1983;132.0;Terms of Endearment;Drama;Nicholson, Jack;MacLaine, Shirley;Brooks, James L.;32.0;Yes
1967;99.0;Woman Times Seven;Comedy;Sellers, Peter;MacLaine, Shirley;De Sica, Vittorio;36.0;No
1990;101.0;Postcards from the Edge;Comedy;Quaid, Dennis;MacLaine, Shirley;Nichols, Mike;63.0;No
1970;105.0;Two Mules for Sister Sara;Western;Eastwood, Clint;MacLaine, Shirley;Siegel, Don;36.0;No
1939;85.0;Back Door to Heaven;Drama;Ford, Wallace;MacMahon, Aline;Howard, William K.;83.0;No
1992;60.0;A Certain Sacrifice;Music;Pattnosh, Jeremy;Ciccone, Madonna;Lewicki, Steven Jon;24.0;No
1988;83.0;Hot to Trot;Comedy;Goldthwait, Bob;Madsen, Virginia;Dinner, Michael;78.0;No
1986;103.0;Fire with Fire;Drama;Sheffer, Craig;Madsen, Virginia;Gibbins, Duncan;9.0;No
1990;120.0;Hot Spot;Drama;Johnson, Don;Madsen, Virginia;Hopper, Dennis;70.0;No
1974;124.0;Amarcord;Drama;Noel, Magali;Maggio, Pupella;Fellini, Federico;50.0;Yes
1988;85.0;Casablanca Express;Action;Connery, Jason;Maneri, Luisa;Martino, Sergio;33.0;No
1980;94.0;Out of the Blue;Drama;Hopper, Dennis;Manz, Linda;Hopper, Dennis;4.0;No
1949;110.0;Sands of Iwo Jima;War;Wayne, John;Mara, Adele;Dwan, Allan;72.0;No
1981;104.0;Hand, The;Horror;Caine, Michael;Marcovicci, Andrea;Stone, Oliver;44.0;No
1989;81.0;Deep Cover;Mystery;Conti, Tom;Markham, Kika;Loncraine, Richard;15.0;No
1955;92.0;Il Bidone;Drama;Crawford, Broderick;Masina, Guilietta;Fellini, Federico;70.0;No
1986;130.0;El Guerrero Solitario;Drama;Eastwood, Clint;Mason, Marsha;Eastwood, Clint;77.0;No
1986;130.0;Heartbreak Ridge;War;Eastwood, Clint;Mason, Marsha;Eastwood, Clint;61.0;No
1977;110.0;Goodbye Girl, The;Comedy;Dreyfuss, Richard;Mason, Marsha;Ross, Herbert;6.0;Yes
1991;144.0;Robin Hood: Prince of Thieves;Action;Costner, Kevin;Mastrantonio, Mary Elizabeth;Costner, Kevin;8.0;No
1992;101.0;White Sands;Drama;Dafoe, Willem;Mastrantonio, Mary Elizabeth;Donaldson, Roger;38.0;No
1986;119.0;Color of Money, The;Drama;Newman, Paul;Mastrantonio, Mary Elizabeth;Scorsese, Martin;6.0;Yes
1986;119.0;Children of a Lesser God;Drama;Hurt, William;Matlin, Marlee;Haines, Randa;20.0;Yes
1989;88.0;Women on the Verge of a Nervous Breakdown;Comedy;Banderas, Antonio;Maura, Carmen;Almodvar, Pedro;65.0;No
1980;86.0;Pepi Luci Bom;Comedy;Rotaeta, Flix;Maura, Carmen;Almodvar, Pedro;66.0;No
1989;100.0;Forgotten, The;Mystery;Carradine, Keith;Maynard, Mimi;Keach, James;69.0;No
1990;92.0;After the Shock;Drama;Kotto, Yaphet;McClanahan, Rue;Sherman, Gary;28.0;No
1992;95.0;Riff Raff;Comedy;Carlyle, Robert;McCourt, Emer;Loach, Ken;71.0;No
1967;81.0;Glory Stompers, The;Action;Hopper, Dennis;McCrea, Jody;Lanza, Anthony M.;27.0;No
1990;181.0;Dances with Wolves;Western;Costner, Kevin;McDonnell, Mary;Costner, Kevin;8.0;Yes
1987;130.0;Matewan;Drama;Jones, James Earl;McDonnell, Mary;Sayles, John;81.0;No
1988;120.0;Mississippi Burning;Drama;Hackman, Gene;McDormand, Frances;Parker, Alan;41.0;Yes
1975;130.0;Eiger Sanction, The;Action;Eastwood, Clint;McGee, Vonetta;Eastwood, Clint;69.0;No
1988;109.0;Unsettled Land;Drama;Shea, John;McGillis, Kelly;Barbash, Uri;75.0;No
1991;98.0;Cat Chaser;Drama;Weller, Peter;McGillis, Kelly;Ferrera, Abel;6.0;No
1988;110.0;Accused, The;Drama;Coulson, Bernie;McGillis, Kelly;Kaplan, Jonathan;71.0;Yes
1989;109.0;Winter People;Drama;Russell, Kurt;McGillis, Kelly;Kotcheff, Ted;30.0;No
1983;101.0;Reuben, Reuben;Comedy;Conti, Tom;McGillis, Kelly;Miller, Robert Ellis;2.0;No
1987;102.0;Made in Heaven;Fantasy;Hutton, Timothy;McGillis, Kelly;Rudolph, Alan;57.0;No
1986;109.0;Top Gun;Action;Cruise, Tom;McGillis, Kelly;Scott, Tony;8.0;No
1985;112.0;Witness;Drama;Ford, Harrison;McGillis, Kelly;Weir, Peter;59.0;No
1984;109.0;Racing with the Moon;Drama;Penn, Sean;McGovern, Elizabeth;Benjamin, Richard;50.0;No
1983;98.0;Lovesick;Comedy;Moore, Dudley;McGovern, Elizabeth;Brickman, Marshall;51.0;No
1965;199.0;Greatest Story Ever Told, The;Drama;Sydow, Max von;McGuire, Dorothy;Stevens, George;26.0;No
1989;105.0;Hawks;Drama;Dalton, Timothy;McTeer, Janet;Miller, Robert Ellis;11.0;No
1981;91.0;So Fine;Comedy;O'Neal, Ryan;Melato, Mariangela;Bergman, Andrew;17.0;No
1957;89.0;Paths of Glory;Drama;Douglas, Kirk;Menjou, Adolphe;Kubrick, Stanley;47.0;No
1964;120.0;Tom Jones;Drama;Ustinov, Peter;Mercouri, Melina;Dassin, Jules;39.0;Yes
1975;103.0;Sunshine Boys, The;Comedy;Burns, George;Meredith, Lee;Ross, Herbert;35.0;Yes
1988;98.0;Caddyshack 2;Comedy;Mason, Jackie;Merrill, Dina;Arkush, Allan;34.0;No
1990;117.0;Internal Affairs;Drama;Gere, Richard;Metcalf, Laurie;Figgis, Mike;3.0;No
1991;206.0;JFK;Drama;Costner, Kevin;Metcalf, Laurie;Stone, Oliver;78.0;No
1991;97.0;New Jack City;Action;Snipes, Wesley;Michele, Michael;Van Peebles, Mario;80.0;No
1987;118.0;Hope & Glory;War;Hayman, David;Miles, Sarah;Boorman, John;3.0;No
1970;194.0;Ryan's Daughter;Drama;Mitchum, Robert;Miles, Sarah;Lean, David;81.0;Yes
1973;127.0;Man Who Loved Cat Dancing, The;Western;Reynolds, Burt;Miles, Sarah;Sarafian, Richard C.;40.0;No
1962;123.0;Man Who Shot Liberty Valance, The;Western;Stewart, James;Miles, Vera;Ford, John;85.0;No
1989;102.0;Dead-Bang;Action;Johnson, Don;Miller, Penelope Ann;Frankenheimer, John;9.0;No
1988;90.0;Big Top Pee-wee;Comedy;Reubens, Paul;Miller, Penelope Ann;Kleiser, Randal;17.0;No
1960;103.0;Time Machine, The;Science Fiction;Taylor, Rod;Mimieux, Yvette;Pal, George;88.0;No
1972;128.0;Cabaret;Drama;Grey, Joel;Minnelli, Liza;Fosse, Bob;59.0;Yes
1981;97.0;Arthur;Comedy;Moore, Dudley;Minnelli, Liza;Gordon, Steve;79.0;Yes
1976;97.0;A Matter of Time;Drama;Boyer, Charles;Minnelli, Liza;Minnelli, Vincente;70.0;No
1977;137.0;New York, New York;Drama;De Niro, Robert;Minnelli, Liza;Scorsese, Martin;8.0;No
1989;89.0;Nightmare on Elm Street, Pt. 5, The Dream Child;Horror;Englund, Robert;Minter, Kelly Jo;Hopkins, Stephen;41.0;No
1980;100.0;Fiendish Plot of Dr. Fu Manchu, The;Comedy;Sellers, Peter;Mirren, Helen;Haggard, Piers;29.0;No
1991;240.0;Four American Composers;Music;Cage, John;Monk, Meredith;Greenaway, Peter;3.0;No
1950;112.0;Asphalt Jungle, The;Action;Hayden, Sterling;Monroe, Marilyn;Huston, John;77.0;No
1992;61.0;Ladies of the Chorus;Music;Garr, Eddie;Monroe, Marilyn;Karlson, Phil;60.0;No
1953;95.0;How to Marry a Millionaire;Comedy;Powell, William;Monroe, Marilyn;Negulesco, Jean;65.0;No
1991;94.0;Nothing But Trouble;Comedy;Candy, John;Moore, Demi;Aykroyd, Dan;25.0;No
1987;109.0;Wisdom;Action;Estevez, Emilio;Moore, Demi;Estevez, Emilio;25.0;No
1986;94.0;One Crazy Summer;Comedy;Cusack, John;Moore, Demi;Holland, Savage Steve;61.0;No
1989;110.0;We're No Angels;Comedy;De Niro, Robert;Moore, Demi;Jordan, Neil;51.0;No
1984;102.0;No Small Affair;Comedy;Cryer, Jon;Moore, Demi;Schatzberg, Jerry;10.0;No
1990;127.0;Ghost;Science Fiction;Swayze, Patrick;Moore, Demi;Zucker, Jerry;6.0;Yes
1986;113.0;About Last Night;Drama;Lowe, Rob;Moore, Demi;Zwick, Edward;66.0;No
1982;107.0;Six Weeks;Drama;Moore, Dudley;Moore, Mary Tyler;Bill, Tony;73.0;No
1948;89.0;Return of October;Comedy;Ford, Glenn;Moore, Terry;Lewis, Joseph H.;35.0;No
1952;99.0;Come Back, Little Sheba;Drama;Lancaster, Burt;Moore, Terry;Mann, Daniel;50.0;Yes
1974;117.0;Going Places;Drama;Depardieu, Grard;Moreau, Jeanne;Blier, Bertrand;66.0;No
1970;99.0;Monte Walsh;Western;Marvin, Lee;Moreau, Jeanne;Fraker, William A.;29.0;No
1955;100.0;Mr. Arkadin;Drama;Welles, Orson;Mori, Paola;Welles, Orson;80.0;No
1968;90.0;Producers, The;Comedy;Wilder, Gene;Mostel, Zero;Brooks, Mel;33.0;No
1976;94.0;Front, The;Drama;Allen, Woody;Mostel, Zero;Ritt, Martin;70.0;No
1987;86.0;House of the Rising Sun;Drama;Annese, Frank;Moyer, Tawny;Gold, Greg;45.0;No
1988;91.0;In a Shallow Grave;Drama;Biehn, Michael;Mueller, Maureen;Bowser, Kenneth;72.0;No
1974;111.0;Mc Q;Action;Wayne, John;Muldaur, Diana;Sturges, John;73.0;No
1941;85.0;Lady from Louisiana;Drama;Wayne, John;Munson, Ona;Vorhaus, Bernard;38.0;No
1990;102.0;Wait Until Spring Bandini;Drama;Mantegna, Joe;Muti, Ornella;Deruddere, Dominique;29.0;No
1940;105.0;Long Voyage Home, The;Drama;Wayne, John;Natwick, Mildred;Ford, John;88.0;No
1955;100.0;Trouble with Harry, The;Mystery;Forsythe, John;Natwick, Mildred;Hitchcock, Alfred;28.0;No
1987;60.0;Encounters;Drama;Von Bergan, Raven;Navarro, Monica;Marder, Bruce;44.0;No
1963;112.0;Hud;Drama;Newman, Paul;Neal, Patricia;Ritt, Martin;2.0;Yes
1987;83.0;Surf Nazis Must Die;Horror;Brenner, Barry;Neely, Gail;George, Peter;50.0;No
1956;124.0;Teahouse of the August Moon;Drama;Brando, Marlon;Negami, Jun;Mann, Daniel;11.0;No
1970;91.0;Man Who Haunted Himself, The;Drama;Moore, Roger;Neil, Hildegard;Dearden, Basil;75.0;No
1991;108.0;Prisoner of Honor.;Drama;Dreyfuss, Richard;Neilson, Catherine;Russell, Ken;58.0;No
1980;109.0;Wholly Moses!;Comedy;Moore, Dudley;Newman, Laraine;Weis, Gary;25.0;No
1991;110.0;Star Trek VI: The Undiscovered Country;Science Fiction;Shatner, William;Nichols, Nichelle;Meyer, Nicholas;11.0;No
1989;107.0;Star Trek V: The Final Frontier;Action;Shatner, William;Nichols, Nichelle;Shatner, William ;87.0;No
1991;85.0;Circuitry Man;Action;Metzler, Jim;Nicholson, Dana W.;Lovy, Steven;78.0;No
1986;87.0;Cobra;Action;Stallone, Sylvester;Nielsen, Brigitte;Cosmatos, George P.;57.0;No
1987;103.0;Beverly Hills Cop II;Comedy;Murphy, Eddie;Nielsen, Brigitte;Scott, Tony;37.0;No
1950;93.0;To Joy;Drama;Olin, Stig;Nilsson, Maj-Britt;Bergman, Ingmar;65.0;No
1958;128.0;Vertigo;Drama;Stewart, James;Novak, Kim;Hitchcock, Alfred;10.0;No
1987;91.0;Young Love: Lemon Popsicle Seven;Comedy;Katzur, Yftach;Noy, Zachi;Bennett, Walter;47.0;No
1946;93.0;Crack-Up;Mystery;Marshall, Herbert;O'Brien, Pat;Reis, Irving;25.0;No
1941;57.0;Bury Me Not on the Lone Prairie;Western;Brown, Johnny Mack;O'Day, Nell;Taylor, Ray;85.0;No
1940;57.0;Law & Order;Western;Brown, Johnny Mack;O'Day, Nell;Taylor, Ray;87.0;No
1941;56.0;Man from Montana;Western;Brown, Johnny Mack;O'Day, Nell;Taylor, Ray;85.0;No
1992;137.0;Long Gray Line, The;Drama;Power, Tyrone;O'Hara, Maureen;Ford, John;26.0;No
1950;105.0;Rio Grande;Western;Wayne, John;O'Hara, Maureen;Ford, John;64.0;No
1957;107.0;Wings of Eagles, The;Drama;Wayne, John;O'Hara, Maureen;Ford, John;29.0;No
1939;94.0;Jamaica Inn;Drama;Laughton, Charles;O'Hara, Maureen;Hitchcock, Alfred;75.0;No
1971;110.0;Big Jake;Action;Wayne, John;O'Hara, Maureen;Sherman, George;68.0;No
1983;72.0;After the Rehearsal;Drama;Josephson, Erland;Olin, Lena;Bergman, Ingmar;0.0;No
1952;90.0;Big Jim McLain;Western;Wayne, John;Olson, Nancy;Ludwig, Edward;14.0;No
1969;101.0;Smith!;Western;Ford, Glenn;Olson, Nancy;O'Herlihy, Michael;62.0;No
1953;79.0;Wild One, The;Drama;Brando, Marlon;O'Malley, Pat;Benedek, Laslo;26.0;No
1929;129.0;Manxman, The;Drama;Brisson, Carl;Ondra, Anny;Hitchcock, Alfred;65.0;No
1978;126.0;International Velvet;Drama;Hopkins, Anthony;O'Neal, Tatum;Forbes, Bryan;40.0;No
1981;104.0;Scanners;Horror;Lack, Stephen;O'Neill, Jennifer;Cronenberg, David;32.0;No
1986;98.0;Trick or Treat;Horror;Price, Marc;Orgolini, Lisa;Smith, Charles Martin;47.0;No
1982;92.0;48 Hrs.;Action;Nolte, Nick;O'Toole, Annette;Hill, Walter;67.0;No
1985;108.0;Trip to Bountiful, The;Drama;Heard, John;Page, Geraldine;Masterson, Peter;62.0;Yes
1955;116.0;Mister Roberts;Comedy;Fonda, Henry;Palmer, Betsy;Ford, John;8.0;Yes
1969;127.0;Z;Drama;Montand, Yves;Papas, Irene;Gavras, Costa;72.0;Yes
1987;139.0;Maurice;Drama;Wilby, James;Parfitt, Judy;Ivory, James;45.0;No
1969;114.0;Hamlet;Drama;Williamson, Nicol;Parfitt, Judy;Richardson, Tony;39.0;No
1991;117.0;La Femme Nikita;Drama;Karyo, Tcheky;Parillaud, Anne;Besson, Luc;6.0;No
1993;95.0;Honeymoon in Vegas;Comedy;Caan, James;Parker, Sarah Jessica;Bergman, Andrew;53.0;No
1988;90.0;Going for the Gold;Action;Edwards, Anthony;Parker, Sarah Jessica;Taylor, Dan;10.0;No
1976;128.0;Shout at the Devil;Action;Marvin, Lee;Parkins, Barbara;Hunt, Peter R.;0.0;No
1986;94.0;A Smoky Mountain Christmas;Music;Majors, Lee;Parton, Dolly;Winkler, Henry;23.0;No
1984;95.0;Getting Physical;Drama;Naughton, David;Paul, Alexandra;Stern, Steven Hilliard;75.0;No
1990;95.0;Torn Apart;Drama;Pasdar, Adrian;Peck, Cecilia;Fisher, Jack;8.0;No
1986;112.0;From the Hip;Comedy;Nelson, Judd;Perkins, Elizabeth;Clark, Bob;36.0;No
1984;102.0;Ratings Game, The;Comedy;DeVito, Danny;Perlman, Rhea;DeVito, Danny;21.0;No
1986;89.0;Water;Comedy;Caine, Michael;Perrine, Valerie;Clement, Dick;47.0;No
1978;88.0;Silent Movie;Comedy;Brooks, Mel;Peters, Bernadette;Brooks, Mel;27.0;No
1989;122.0;Pink Cadillac;Comedy;Eastwood, Clint;Peters, Bernadette;Eastwood, Clint;12.0;No
1979;94.0;Jerk, The;Comedy;Martin, Steve;Peters, Bernadette;Reiner, Carl;22.0;No
1986;107.0;Sweet Liberty;Comedy;Alda, Alan;Pfeiffer, Michelle;Alda, Alan;12.0;No
1982;115.0;Grease II;Music;Caulfield, Maxwell;Pfeiffer, Michelle;Birch, Patricia;64.0;No
1989;104.0;Married to the Mob;Comedy;Modine, Matthew;Pfeiffer, Michelle;Demme, Jonathan;8.0;No
1985;121.0;Ladyhawke;Adventure;Broderick, Matthew;Pfeiffer, Michelle;Donner, Richard;68.0;No
1989;114.0;Fabulous Baker Boys, The;Drama;Bridges, Jeff;Pfeiffer, Michelle;Kloves, Steve;66.0;No
1985;115.0;Into the Night;Comedy;Goldblum, Jeff;Pfeiffer, Michelle;Landis, John;62.0;No
1991;124.0;Russia House, The;Drama;Connery, Sean;Pfeiffer, Michelle;Schepisi, Fred;3.0;No
1988;116.0;Tequila Sunrise;Mystery;Gibson, Mel;Pfeiffer, Michelle;Towne, Robert;50.0;No
1971;108.0;Last Movie, The;Drama;Hopper, Dennis;Phillips, Michelle;Hopper, Dennis;22.0;No
1973;106.0;Dillinger;Drama;Oates, Warren;Phillips, Michelle;Milius, John;83.0;No
1988;360.0;Little Dorrit;Drama;Jacobi, Derek;Pickering, Sarah;Edzard, Christine;12.0;No
1927;78.0;My Best Girl;Drama;Rogers, Charles;Pickford, Mary;Taylor, Sam;31.0;No
1989;93.0;Seizure;Horror;Frid, Jonathan;Pickles, Christina;Stone, Oliver;59.0;No
1990;89.0;A Chorus of Disapproval;Comedy;Irons, Jeremy;Pigg, Alexandra;Winner, Michael;0.0;No
1962;119.0;Rome Adventure;Drama;Donahue, Tony;Pleshette, Suzanne;Daves, Delmer;39.0;No
1992;121.0;Drowning by Numbers;Mystery;Hill, Bernard;Plowright, Joan;Greenaway, Peter;28.0;No
1991;88.0;Born to Ride;Action;Stamos, John;Polo, Teri;Baker, Graham;59.0;No
1988;94.0;Her Alibi;Comedy;Selleck, Tom;Porizkova, Paulina;Beresford, Bruce;80.0;No
1990;95.0;Dangerous Pursuit;Mystery;Harrison, Gregory;Powers, Alexandra;Stern, Sandor;88.0;No
1962;123.0;Experiment in Terror;Mystery;Ford, Glenn;Powers, Stefanie;Edwards, Blake;77.0;No
1972;105.0;Hideaways, The;Comedy;Doran, Johnny;Prager, Sally;Cook, Fielder;42.0;No
1965;108.0;What's New Pussycat;Comedy;O'Toole, Peter;Prentiss, Paula;Donner, Clive;83.0;No
1965;108.0;What's New Pussycat?;Comedy;Sellers, Peter;Prentiss, Paula;Donner, Clive;46.0;No
1983;98.0;Packin' It In;Comedy;Benjamin, Richard;Prentiss, Paula;Taylor, Jud;8.0;No
1988;90.0;Naked Gun: From the Files of Police Squad!, THe;Comedy;Nielsen, Leslie;Presley, Priscilla;Zucker, David;9.0;No
1990;106.0;In Too Deep;Drama;Race, Hugo;Press, Santha;Tatoulis, Colin South John;50.0;No
1988;107.0;Twins;Comedy;Schwarzenegger, Arnold;Preston, Kelly;Reitman, Ivan;23.0;No
1988;94.0;Experts, The;Comedy;Travolta, John;Preston, Kelly;Thomas, Dave;67.0;No
1989;94.0;Naked Lie;Drama;Lucking, William;Principal, Victoria;Colla, Richard A.;7.0;No
1987;87.0;Mistress;Drama;Rachins, Allan;Principal, Victoria;Tuchner, Michael;36.0;No
1970;100.0;Adam at 6 A.M.;Drama;Douglas, Michael;Purcell, Lee;Scheerer, Robert;3.0;No
1990;93.0;Web of Deceit;Drama;Read, James;Purl, Linda;Stern, Sandor;6.0;No
1991;119.0;New York Stories;Comedy;Allen, Woody;Questel, Mae;Coppola, Francis Ford;6.0;No
1987;97.0;Dreams Lost, Dreams Found;Drama;Robb, David;Quinlan, Kathleen;Patterson, Willi;66.0;No
1987;103.0;Au Revoir les Enfants;Drama;Manesse, Gaspard;Racette, Francine;Malle, Louis;35.0;No
1989;122.0;Quo Vadis;Drama;Brandauer, Klaus Maria;Raines, Cristina;Rossi, Franco;6.0;No
1949;100.0;Fighting Kentuckian, The;Action;Wayne, John;Ralston, Vera;Waggner, George;74.0;No
1974;104.0;Zardoz;Science Fiction;Connery, Sean;Rampling, Charlotte;Boorman, John;6.0;No
1989;84.0;Police Academy 6: City under Siege;Comedy;Smith, Bubba;Ramsey, Marion;Bonerz, Peter;29.0;No
1988;90.0;Police Academy 5: Assignment Miami Beach;Comedy;Gaynes, George;Ramsey, Marion;Myerson, Alan;59.0;No
1986;84.0;Police Academy 3: Back in Training;Comedy;Guttenberg, Steve;Ramsey, Marion;Paris, Jerry;6.0;No
1991;60.0;America's Music, Blues;Music;Hopkins, Linda;Redd, Vi;Walton, Kip;54.0;No
1977;100.0;Julia;Drama;Fonda, Vanessa;Redgrave, Jane;Zinnemann, Fred;75.0;Yes
1971;111.0;Devils, The;Drama;Reed, Oliver;Redgrave, Vanessa;Russell, Ken;69.0;No
1984;90.0;Ransom;Drama;Ford, Glenn;Reed, Donna;Segal, Alex;73.0;No
1990;97.0;Cadillac Man;Comedy;Williams, Robin;Reed, Pamela;Donaldson, Roger;28.0;No
1986;104.0;Best of Times, The;Comedy;Williams, Robin;Reed, Pamela;Spottiswoode, Roger;88.0;No
1985;135.0;Death of a Salesman;Drama;Hoffman, Dustin;Reid, Kate;Schlndorff, Volker;13.0;No
1987;153.0;Empire of the Sun;Drama;Malkovich, John;Richardson, Miranda;Spielberg, Steven;6.0;No
1991;102.0;Comfort of Strangers, The;Mystery;Walken, Christopher;Richardson, Natasha;Schrader, Paul;5.0;No
1969;135.0;On Her Majesty's Secret Service;Action;Lazenby, George;Rigg, Diana;Hunt, Peter R.;66.0;No
1986;96.0;Pretty in Pink;Drama;Stanton, Harry Dean;Ringwald, Molly;Deutch, Howard;75.0;No
1943;60.0;Lone Star Trail, The;Western;Brown, Johnny Mack;Ritter, Tex;Taylor, Ray;27.0;No
1986;98.0;Summer;Comedy;Gauthier, Vincent;Riviere, Marie;Rohmer, Eric;11.0;No
1987;93.0;Planes, Trains & Automobiles;Comedy;Martin, Steve;Robbins, Laila;Hughes, John;73.0;No
1990;119.0;Pretty Woman;Comedy;Gere, Richard;Roberts, Julia;Marshall, Garry;43.0;No
1991;111.0;Flatliners;Drama;Sutherland, Kiefer;Roberts, Julia;Schumacher, Joel;19.0;No
1991;142.0;Hook;Action;Williams, Robin;Roberts, Julia;Spielberg, Steven;4.0;No
1940;56.0;Riders of Pasco Basin;Western;Brown, Johnny Mack;Robinson, Frances;Taylor, Ray;17.0;No
1990;106.0;Desperate Hours;Mystery;Rourke, Mickey;Rogers, Mimi;Cimino, Michael;58.0;No
1986;111.0;Gung Ho;Comedy;Keaton, Michael;Rogers, Mimi;Howard, Ron;59.0;No
1992;96.0;Shooting Elizabeth;Mystery;Goldblum, Jeff;Rogers, Mimi;Taylor, Baz;5.0;No
1951;101.0;Strangers on a Train;Mystery;Granger, Farley;Roman, Ruth;Hitchcock, Alfred;17.0;No
1979;198.0;Sacketts, The;Western;Elliott, Sam;Roman, Ruth;Totten, Robert;86.0;No
1991;87.0;To Die Standing;Action;De Young, Cliff;Rose, Jamie;Morneau, Louis;53.0;No
1980;92.0;Rodeo Girl;Drama;Hopkins, Bo;Ross, Katharine;Cooper, Jackie;80.0;No
1969;110.0;Butch Cassidy & the Sundance Kid;Western;Newman, Paul;Ross, Katharine;Hill, George Roy;29.0;Yes
1968;121.0;Hellfighters;Action;Wayne, John;Ross, Katharine;McLaglen, Andrew V.;22.0;No
1980;92.0;Final Countdown, The;Action;Douglas, Kirk;Ross, Katharine;Taylor, Don;35.0;No
1986;120.0;Blue Velvet;Mystery;MacLachlan, Kyle;Rossellini, Isabella;Lynch, David;6.0;No
1976;90.0;Black & White in Color;Comedy;Carmet, Jean;Rouvel, Catherine;Annaud, Jean-Jacques;24.0;Yes
1988;81.0;Another Woman;Drama;Hackman, Gene;Rowlands, Gena;Allen, Woody;7.0;No
1992;128.0;Night on Earth;Drama;Benigni, Roberto;Rowlands, Gena;Jarmusch, Jim;24.0;No
1988;92.0;Permanent Record;Drama;Boyce, Alan;Rubin, Jennifer;Silver, Marisa;42.0;No
1992;138.0;Fisher King, The;Drama;Williams, Robin;Ruehl, Mercedes;Gilliam, Terry;8.0;Yes
1991;98.0;Another You;Comedy;Pryor, Richard;Ruehl, Mercedes;Phillips, Maurice;75.0;No
1958;167.0;Young Lions, The;Drama;Brando, Marlon;Rush, Barbara;Dmytryk, Edward;10.0;No
1988;89.0;Cheerleader Camp;Horror;Garrett, Leif;Russell, Betsy;Quinn, John;79.0;No
1947;96.0;Angel & the Badman;Western;Wayne, John;Russell, Gail;Grant, James Edward;84.0;No
1990;109.0;Impulse;Mystery;Fahey, Jeff;Russell, Theresa;Locke, Sondra;23.0;No
1988;91.0;Track Twenty-Nine;Drama;Oldman, Gary;Russell, Theresa;Roeg, Nicolas;48.0;No
1991;110.0;Freejack;Action;Estevez, Emilio;Russo, Rene;Richardson, Tony;26.0;No
1988;81.0;Smallest Show on Earth, The;Comedy;Sellers, Peter;Rutherford, Margaret;Dearden, Basil;24.0;No
1987;120.0;Innerspace;Science Fiction;Quaid, Dennis;Ryan, Meg;Dante, Joe;41.0;No
1988;97.0;Presidio, The;Action;Connery, Sean;Ryan, Meg;Hyams, Peter;4.0;No
1990;102.0;Joe Versus the Volcano;Comedy;Hanks, Tom;Ryan, Meg;Patrick, John;17.0;No
1991;135.0;Doors, The;Drama;Kilmer, Val;Ryan, Meg;Stone, Oliver;60.0;No
1990;98.0;Welcome Home, Roxy Carmichael;Comedy;Daniels, Jeff;Ryder, Winona;Abrahams, Jim;41.0;No
1972;99.0;Cancel My Reservation;Comedy;Hope, Bob;Saint, Eva Marie;Bogart, Paul;60.0;No
1991;135.0;North by Northwest;Mystery;Grant, Cary;Saint, Eva Marie;Hitchcock, Alfred;20.0;No
1966;127.0;Russians Are Coming, the Russians Are, The;Comedy;Reiner, Carl;Saint, Eva Marie;Jewison, Norman;79.0;Yes
1992;213.0;Exodus;Drama;Newman, Paul;Saint, Eva Marie;Preminger, Otto;13.0;No
1982;128.0;Ballad of Narayama, The;Drama;Ogata, Ken;Sakamoto, Sumiko;Imamura, Shohei;88.0;No
1985;96.0;Out of the Darkness;Mystery;Sheen, Martin;Salt, Jennifer;Taylor, Jud;86.0;No
1971;90.0;Garden of the Finzi-Continis, The;Drama;Capolicchio, Lino;Sanda, Dominique;De Sica, Vittorio;42.0;Yes
1974;105.0;Steppenwolf;Drama;Sydow, Max von;Sanda, Dominique;Haines, Fred;20.0;No
1973;100.0;Mackintosh Man, The;Action;Newman, Paul;Sanda, Dominique;Huston, John;65.0;No
1968;105.0;Partner;Drama;Clementi, Pierre;Sandrelli, Stefania;Bertolucci, Bernardo;26.0;No
1970;107.0;Conformist, The;Drama;Trintignant, Jean-Louis;Sandrelli, Stefania;Bertolucci, Bernardo;72.0;No
1971;102.0;Dirty Harry;Drama;Eastwood, Clint;Santoni, Reni;Siegel, Don;72.0;No
1986;103.0;Ferris Bueller's Day Off;Comedy;Broderick, Matthew;Sara, Mia;Hughes, John;12.0;No
1986;89.0;Legend;Science Fiction;Cruise, Tom;Sara, Mia;Scott, Ridley;42.0;No
1984;110.0;Buddy System, The;Drama;Dreyfuss, Richard;Sarandon, Susan;Jordan, Glenn;48.0;No
1989;97.0;A Dry White Season;Drama;Sutherland, Donald;Sarandon, Susan;Palcy, Euzhan;71.0;No
1975;105.0;Rocky Horror Picture Show, The;Music;Gray, Charles;Sarandon, Susan;Sharman, Jim;59.0;No
1968;360.0;War & Peace;Drama;Tikhonov, Vyacheslav;Savelyeva, Lyudmila;Bondarchuk, Sergei;80.0;Yes
1991;80.0;Going Under;Comedy;Pullman, Bill;Schaal, Wendy;Travis, Mark W.;30.0;No
1975;118.0;Passenger, The;Drama;Nicholson, Jack;Schneider, Maria;Antonioni, Michelangelo;32.0;No
1973;127.0;Last Tango in Paris;Drama;Brando, Marlon;Schneider, Maria;Bertolucci, Bernardo;28.0;No
1987;155.0;Indigo Autumn & Lilac Dream;Drama;Singer, Marc;Schrage, Lisa;Gillard, Stuart;72.0;No
1924;95.0;Kriemhild's Revenge, The Nibelungenlied;Drama;Loos, Theodor;Schn, Margarete;Lang, Fritz;74.0;No
1966;102.0;Johnny Tiger;Drama;Taylor, Robert;Scott, Brenda;Wendkos, Paul;69.0;No
1986;90.0;Head Office;Comedy;Reinhold, Judge;Seymour, Jane;Finkleman, Ken;88.0;No
1972;100.0;Le Charme Discret de la Bourgeoisie;Comedy;Rey, Fernando;Seyrig, Delphine;Bunuel, Luis;4.0;Yes
1986;83.0;Blue City;Action;Nelson, Judd;Sheedy, Ally;Manning, Michelle;38.0;No
1983;123.0;Bad Boys;Drama;Penn, Sean;Sheedy, Ally;Rosenthal, Rick;7.0;No
1986;82.0;Whoopee Boys, The;Comedy;O'Keefe, Michael;Shelley, Carole;Byrum, John;54.0;No
1971;118.0;Last Picture Show, The;Drama;Bottoms, Timothy;Shepherd, Cybill;Bogdanovich, Peter;62.0;Yes
1988;93.0;Diamond Trap, The;Drama;Hessman, Howard;Shields, Brooke;Taylor, Don;58.0;No
1981;115.0;Endless Love;Drama;Hewitt, Martin;Shields, Brooke;Zeffirelli, Franco;20.0;No
1976;90.0;Rocky;Drama;Stallone, Sylvester;Shire, Talia;Avildsen, John G.;78.0;Yes
1988;103.0;Cocktail;Drama;Cruise, Tom;Shue, Elisabeth;Donaldson, Roger;13.0;No
1936;77.0;Sabotage;Mystery;Homolka, Oskar;Sidney, Sylvia;Hitchcock, Alfred;74.0;No
1977;105.0;Madame Rosa;Drama;Youb, Samy Ben;Signoret, Simone;Mizrahi, Moshe;11.0;Yes
1954;110.0;Desiree;Drama;Brando, Marlon;Simmons, Jean;Koster, Henry;22.0;No
1960;185.0;Spartacus;Drama;Douglas, Kirk;Simmons, Jean;Kubrick, Stanley;67.0;Yes
1955;150.0;Guys & Dolls;Comedy;Brando, Marlon;Simmons, Jean;Mankiewicz, Joseph L.;70.0;Yes
1992;95.0;Until They Sail;Drama;Newman, Paul;Simmons, Jean;Wise, Robert;77.0;No
1988;116.0;Coming to America;Comedy;Murphy, Eddie;Sinclair, Madge;Landis, John;11.0;No
1963;93.0;Lilies of the Field;Drama;Poitier, Sidney;Skala, Lilia;Poitier, Sidney;36.0;Yes
1987;99.0;River's Edge;Drama;Glover, Crispin;Skye, Ione;Hunter, Tim;3.0;No
1986;93.0;Ruthless People;Comedy;DeVito, Danny;Slater, Helen;Abrahams, Jim;84.0;No
1987;110.0;Secret of My Success, The;Comedy;Fox, Michael J.;Slater, Helen;Ross, Herbert;5.0;No
1965;128.0;Shop on Main Street, The;Drama;Kroner, Josef;Slivoka, Hana;Kadar, Jan;37.0;Yes
1988;101.0;Funny Farm;Comedy;Chase, Chevy;Smith, Madolyn;Hill, George Roy;30.0;No
1988;120.0;Lonely Passion of Judith Hearne, The;Drama;Hoskins, Bob;Smith, Maggie;Clayton, Jack;24.0;No
1978;103.0;California Suite;Comedy;Caine, Michael;Smith, Maggie;Ross, Herbert;11.0;Yes
1986;97.0;Maximum Overdrive;Horror;Estevez, Emilio;Smith, Yeardley;King, Stephen;40.0;No
1985;116.0;Pale Rider;Western;Eastwood, Clint;Snodgress, Carrie;Eastwood, Clint;45.0;No
1990;88.0;Kissing Place, The;Drama;Birney, Meredith Baxter;Snow, Victoria;Wharmby, Tony;41.0;No
1986;90.0;French Lesson;Comedy;Sterling, Alexandre;Snowden, Jane;Gilbert, Brian;29.0;No
1985;88.0;Roller Blade;Action;Hutchinson, Jeff;Solari, Suzanne;Jackson, Donald G;31.0;No
1964;101.0;A Shot in the Dark;Comedy;Sellers, Peter;Sommer, Elke;Edwards, Blake;51.0;No
1982;122.0;Missing;Drama;Lemmon, Jack;Spacek, Sissy;Gavras, Costa;30.0;No
1989;99.0;Picasso Trigger;Action;Bond, Steve;Speir, Dona;Sidaris, Andy;20.0;No
1987;97.0;Hard Ticket to Hawaii;Action;Moss, Ronn;Speir, Dona;Sidaris, Andy;36.0;No
1933;72.0;Baby Face;Drama;Brent, George;Stanwyck, Barbara;Green, Alfred E.;66.0;No
1992;95.0;Violent Men, The;Action;Ford, Glenn;Stanwyck, Barbara;Mate, Rudolph;25.0;No
1985;117.0;Cocoon;Science Fiction;Ameche, Don;Stapleton, Maureen;Howard, Ron;45.0;Yes
1986;96.0;Clockwise;Comedy;Cleese, John;Steadman, Alison;Morahan, Christopher;10.0;No
1981;111.0;Outland;Science Fiction;Connery, Sean;Sternhagen, Frances;Hyams, Peter;7.0;No
1967;114.0;Hang 'em High;Western;Eastwood, Clint;Stevens, Inger;Post, Ted;67.0;No
1992;123.0;Basic Instinct;Mystery;Douglas, Michael;Stone, Sharon;Verhoeven, Paul;41.0;No
1990;113.0;Total Recall;Action;Schwarzenegger, Arnold;Stone, Sharon;Verhoeven, Paul;8.0;No
1987;115.0;Stakeout;Comedy;Dreyfuss, Richard;Stowe, Madeleine;Badham, John;13.0;No
1992;104.0;Unnamable II, The Statement of Randolph Carter, The;Drama;Rhys-Davies, John;Strain, Julie;Ouellette, Jean-Paul;36.0;No
1967;85.0;Trip, The;Drama;Fonda, Peter;Strasberg, Susan;Corman, Roger;64.0;No
1987;135.0;Ironweed;Drama;Nicholson, Jack;Streep, Meryl;Babenco, Hector;32.0;No
1991;112.0;Defending Your Life;Comedy;Brooks, Albert;Streep, Meryl;Brooks, Albert;75.0;No
1978;183.0;Deer Hunter, The;Drama;De Niro, Robert;Streep, Meryl;Cimino, Michael;82.0;Yes
1984;106.0;Falling in Love;Drama;De Niro, Robert;Streep, Meryl;Grosbard, Ulu;31.0;No
1986;108.0;Heartburn;Comedy;Nicholson, Jack;Streep, Meryl;Nichols, Mike;57.0;No
1983;131.0;Silkwood;Drama;Russell, Kurt;Streep, Meryl;Nichols, Mike;52.0;No
1982;151.0;Sophie's Choice;Drama;Kline, Kevin;Streep, Meryl;Pakula, Alan J.;64.0;Yes
1985;161.0;Out of Africa;Drama;Redford, Robert;Streep, Meryl;Pollack, Sydney;88.0;Yes
1981;127.0;French Lieutenant's Woman, The;Drama;Irons, Jeremy;Streep, Meryl;Reisz, Karel;37.0;No
1985;124.0;Plenty;Drama;Dance, Charles;Streep, Meryl;Schepisi, Fred;9.0;No
1988;122.0;A Cry in the Dark;Drama;Neill, Sam;Streep, Meryl;Schepisi, Fred;67.0;No
1989;99.0;She-Devil;Comedy;Begley, Ed;Streep, Meryl;Seidelman, Susan;43.0;No
1992;103.0;Death Becomes Her;Drama;Willis, Bruce;Streep, Meryl;Zemeckis, Robert;61.0;No
1970;129.0;On a Clear Day You Can See Forever;Music;Montand, Yves;Streisand, Barbra;Minnelli, Vincente;67.0;No
1987;100.0;Nuts;Drama;Dreyfuss, Richard;Streisand, Barbra;Ritt, Martin;52.0;No
1983;134.0;Yentl;Music;Patinkin, Mandy;Streisand, Barbra;Streisand, Barbra;46.0;No
1968;151.0;Funny Girl;Music;Sharif, Omar;Streisand, Barbra;Wyler, William;30.0;Yes
1990;97.0;Fellow Traveller;Drama;Travanti, Daniel J.;Stubbs, Imogen;Towns, Philip Saville;39.0;No
1970;140.0;Dodesukaden;Drama;Zushi, Yoshitaka;Sugai, Kin;Kurosawa, Akira;75.0;No
1941;117.0;So Ends Our Night;Drama;March, Fredric;Sullavan, Margaret;Cromwell, John;2.0;No
1984;102.0;Sword of the Valiant;Action;O'Keeffe, Miles;Sutton, Emma;Weeks, Stephen;5.0;No
1949;78.0;Devil's Wanton, The;Drama;Malmsten, Birger;Svedlund, Doris;Bergman, Ingmar;66.0;No
1989;99.0;Driving Miss Daisy;Drama;Freeman, Morgan;Tandy, Jessica;Beresford, Bruce;6.0;Yes
1983;105.0;Between Friends;Drama;Ramer, Henry;Taylor, Elizabeth;Antonio, Lou;54.0;No
1957;173.0;Raintree County;Drama;Clift, Montgomery;Taylor, Elizabeth;Dmytryk, Edward;74.0;No
1975;101.0;Driver's Seat, The;Drama;Bannen, Ian;Taylor, Elizabeth;Griffi, Giuseppe Patroni;72.0;No
1967;109.0;Reflections in a Golden Eye;Drama;Brando, Marlon;Taylor, Elizabeth;Huston, John;81.0;No
1972;110.0;X, Y & Zee;Drama;Caine, Michael;Taylor, Elizabeth;Hutton, Brian G.;87.0;No
1968;109.0;Secret Ceremony;Drama;Mitchum, Robert;Taylor, Elizabeth;Losey, Joseph;60.0;No
1963;243.0;Cleopatra;Drama;Burton, Richard;Taylor, Elizabeth;Mankiewicz, Joseph L.;80.0;No
1992;130.0;Who's Afraid of Virginia Woolf?;Drama;Burton, Richard;Taylor, Elizabeth;Nichols, Mike;82.0;Yes
1977;110.0;A Little Night Music;Music;Cariou, Len;Taylor, Elizabeth;Prince, Harold;61.0;No
1956;201.0;Giant;Drama;Hudson, Rock;Taylor, Elizabeth;Stevens, George;61.0;Yes
1985;94.0;Rumor Mill, The;Drama;Dysart, Richard A.;Taylor, Elizabeth;Trikonis, Gus;62.0;No
1943;90.0;Lassie Come Home;Drama;McDowall, Roddy;Taylor, Elizabeth;Wilcox, Fred M;79.0;No
1931;125.0;Cimarron;Western;Dix, Richard;Taylor, Estelle;Ruggles, Wesley;44.0;Yes
1992;83.0;Apache Woman;Western;Bridges, Lloyd;Taylor, Joan;Corman, Roger;32.0;No
1988;101.0;Mystic Pizza;Comedy;Moses, William;Taylor, Lili;Petrie, Donald;74.0;No
1991;95.0;Dogfight;Action;Phoenix, River;Taylor, Lili;Savoca, Nancy;66.0;No
1935;234.0;Adventures of Rex & Rinty, The;Western;the Wonder Horse, Rex;Taylor, Norma;Beebe, Ford;87.0;No
1988;60.0;Daphnis & Chloe;Music;Morrow, Carl;Taylor, Victoria;Wimhurst, Jolyon;85.0;No
1980;97.0;Marathon;Comedy;Newhart, Bob;Taylor-Young, Leigh;Cooper, Jackie;76.0;No
1948;127.0;Fort Apache;Western;Fonda, Henry;Temple, Shirley;Ford, John;4.0;No
1937;100.0;Wee Willie Winkie;Drama;Romero, Cesar;Temple, Shirley;Ford, John;78.0;No
1987;91.0;Big Shots;Action;Busker, Ricky;Thayer, Brynn;Mandel, Robert;5.0;No
1988;85.0;Doin' Time on Planet Earth;Comedy;Strouse, Nocholas;Thompson, Andrea;Matthau, Charles;44.0;Yes
1983;91.0;All the Right Moves;Drama;Cruise, Tom;Thompson, Lea;Chapman, Michael;65.0;No
1987;93.0;Some Kind of Wonderful;Drama;Stoltz, Eric;Thompson, Lea;Deutch, Howard;16.0;No
1990;87.0;All New Tales from the Crypt, A Trilogy;Horror;Walsh, M. Emmet;Thompson, Lea;Deutch, Howard;33.0;No
1985;116.0;Back to the Future;Comedy;Fox, Michael J.;Thompson, Lea;Zemeckis, Robert;9.0;No
1963;80.0;Winter Light;Drama;Bjrnstrand, Gunnar;Thulin, Ingrid;Bergman, Ingmar;2.0;No
1963;95.0;Silence, The;Drama;Malmsten, Birger;Thulin, Ingrid;Bergman, Ingmar;79.0;No
1959;100.0;Magician, The;Drama;Sydow, Max von;Thulin, Ingrid;Bergman, Ingmar;3.0;No
1961;154.0;Four Horsemen of the Apocalypse, The;Drama;Ford, Glenn;Thulin, Ingrid;Minnelli, Vincente;71.0;No
1986;99.0;Critical Condition;Comedy;Pryor, Richard;Ticotin, Rachel;Apted, Michael;41.0;No
1989;109.0;Lean on Me;Drama;Freeman, Morgan;Todd, Beverly;Avildsen, John G.;51.0;No
1986;221.0;On Wings of Eagles;Drama;Lancaster, Burt;Towers, Constance;McLaglen, Andrew V.;53.0;No
1941;94.0;Texas;Western;Holden, William;Trevor, Claire;Marshall, George;79.0;No
1939;80.0;Allegheny Uprising;Drama;Wayne, John;Trevor, Claire;Seiter, William A.;53.0;No
1940;95.0;Dark Command;Western;Wayne, John;Trevor, Claire;Walsh, Raoul;52.0;No
1986;103.0;Peggy Sue Got Married;Drama;Cage, Nicolas;Turner, Kathleen;Coppola, Francis Ford;62.0;No
1989;84.0;Dear America, Letters Home from Vietnam;War;De Niro, Robert;Turner, Kathleen;Couturie, Bill;57.0;No
1985;130.0;Prizzi's Honor;Comedy;Nicholson, Jack;Turner, Kathleen;Huston, John;25.0;Yes
1983;90.0;Man with Two Brains, The;Comedy;Martin, Steve;Turner, Kathleen;Reiner, Carl;68.0;No
1984;101.0;Crimes of Passion;Drama;Perkins, Anthony;Turner, Kathleen;Russell, Ken;4.0;No
1985;106.0;Jewel of the Nile, The;Action;Douglas, Michael;Turner, Kathleen;Teague, Lewis;68.0;No
1984;106.0;Romancing the Stone;Action;Douglas, Michael;Turner, Kathleen;Zemeckis, Robert ;83.0;No
1955;117.0;Sea Chase, The;War;Wayne, John;Turner, Lana;Farrow, John;4.0;No
1988;90.0;Cannibal Women in the Avocado Jungle of Death;Comedy;Primus, Barry;Tweed, Shannon;Lawton, J.F.;56.0;No
1986;91.0;Mr Love.;Comedy;Jackson, Barry;Tyzack, Margaret;Battersby, Roy;10.0;No
1968;139.0;2001: A Space Odyssey;Science Fiction;Dullea, Keir;Tyzack, Margaret;Kubrick, Stanley;83.0;No
1966;81.0;Persona;Drama;Bjrnstrand, Gunnar;Ullman, Liv;Bergman, Ingmar;81.0;Yes
1968;88.0;Hour of the Wolf;Drama;Sydow, Max von;Ullman, Liv;Bergman, Ingmar;37.0;No
1969;101.0;Passion of Anna, The;Drama;Sydow, Max von;Ullman, Liv;Bergman, Ingmar;6.0;No
1984;96.0;Dangerous Moves;Drama;Caron, Leslie;Ullman, Liv;Dembo, Richard;7.0;Yes
1957;147.0;Sayonara;Drama;Brando, Marlon;Umeki, Miyoshi;Logan, Joshua;19.0;Yes
1968;158.0;Where Eagles Dare;War;Burton, Richard;Ure, Mary;Hulton, Brian G.;57.0;No
1985;95.0;Teen Wolf;Drama;Fox, Michael J.;Ursitti, Susan;Daniel, Rod;58.0;No
1990;88.0;Amazon;Action;Davi, Robert;Vaananen, Kari;Kaurismki, Mika;30.0;No
1959;88.0;Virgin Spring, The;Drama;Sydow, Max von;Valberg, Brigitta;Bergman, Ingmar;8.0;Yes
1970;97.0;Spider's Stratagem;Drama;Brogi, Giulio;Valli, Alida;Bertolucci, Bernardo;45.0;No
1971;102.0;Play Misty for Me;Mystery;Eastwood, Clint;Walter, Jessica;Eastwood, Clint;47.0;No
1981;88.0;Going Ape;Comedy;Danza, Tony;Walter, Jessica;Kronsberg, Jeremy Joe;65.0;No
1967;127.0;Cool Hand Luke;Drama;Newman, Paul;Van Fleet, Jo;Rosenberg, Stuart;49.0;Yes
1988;89.0;Phantom of the Ritz;Horror;Bergman, Peter;Van Valkenburgh, Deborah;Plone, Allen;85.0;No
1990;85.0;Crash & Burn;Science Fiction;Ganus, Paul;Ward, Megan;Band, Charles;75.0;No
1991;114.0;After Dark My Sweet;Mystery;Patric, Jason;Ward, Rachel;Foley, James;33.0;No
1992;121.0;Christopher Columbus: The Discovery;Adventure;Brando, Marlon;Ward, Rachel;Glen, John;39.0;No
1986;109.0;Young Sherlock Holmes;Mystery;Rowe, Nicholas;Ward, Sophie;Levinson, Barry;16.0;No
1991;104.0;Doc Hollywood;Comedy;Fox, Michael J.;Warner, Julie;Caton-Jones, Michael;64.0;No
1988;96.0;Baja Oklahoma;Comedy;Coyote, Peter;Warren, Lesley Ann;Roth, Bobby;71.0;No
1986;137.0;Aliens;Science Fiction;Biehn, Michael;Weaver, Sigourney;Cameron, James;82.0;No
1992;115.0;Alien Three;Science Fiction;Dutton, Charles;Weaver, Sigourney;Fincher, David;59.0;No
1997;109.0;Alien: resurrection;Science Fiction;Perlman, Ron;Weaver, Sigourney;Jeunet, Jean-Pierre;60.0;No
1979;117.0;Alien;Science Fiction;Skerritt, Tom;Weaver, Sigourney;Scott, Ridley;83.0;No
1985;97.0;One Woman or Two;Comedy;Depardieu, Grard;Weaver, Sigourney;Vigne, Daniel;64.0;No
1984;96.0;Soggy Bottom U. S. A.;Comedy;Johnson, Ben;Wedgeworth, Ann;Flicker, Theodore J.;50.0;No
1973;96.0;Bang the Drum Slowly;Drama;Moriarty, Michael;Wedgeworth, Ann;Hancock, John D.;73.0;No
1974;82.0;Catamount Killing, The;Action;Buchholz, Horst;Wedgeworth, Ann;Zanussi, Krzystoff;84.0;No
1972;92.0;Fuzz;Action;Reynolds, Burt;Welch, Raquel;Colla, Richard A.;37.0;No
1966;101.0;Shoot Loud, Louder, I Don't Understand!;Mystery;Mastroianni, Marcello;Welch, Raquel;De Filippo, Eduardo;70.0;No
1967;107.0;Bedazzled;Comedy;Cook, Peter;Welch, Raquel;Donen, Stanley;67.0;No
1977;120.0;Prince & the Pauper, The;Action;Reed, Oliver;Welch, Raquel;Fleischer, Richard;86.0;No
1969;110.0;One Hundred Rifles;Western;Reynolds, Burt;Welch, Raquel;Gries, Tom;48.0;No
1975;90.0;Wild Party, The;Drama;Dukes, David;Welch, Raquel;Ivory, James;75.0;No
1968;106.0;Bandolero!;Western;Stewart, James;Welch, Raquel;McLaglen, Andrew V.;9.0;No
1973;119.0;Last of Sheila, The;Mystery;Coburn, James;Welch, Raquel;Ross, Herbert;39.0;No
1988;161.0;Bird;Drama;Whitaker, Forest;Venora, Diane;Eastwood, Clint;24.0;No
1987;88.0;Hell Comes to Frogtown;Science Fiction;LeFlore, Julius;Verrell, Cec;Jackson, Donald G;74.0;No
1966;126.0;Fortune Cookie, The;Comedy;Lemmon, Jack;West, Judi;Wilder, Billy;3.0;Yes
1990;92.0;Sun Shines Bright, The;Action;Winninger, Charles;Whelan, Arleen;Ford, John;46.0;No
1987;106.0;Squeeze, The;Action;Keach, Stacy;White, Carol;Apted, Michael;23.0;No
1970;91.0;Start the Revolution Without Me;Comedy;Wilder, Gene;Whitelaw, Billie;Yorkin, Bud;62.0;No
1989;107.0;Major League;Comedy;Sheen, Charlie;Whitton, Margaret;Ward, David S.;64.0;No
1990;108.0;Bright Lights, Big City;Drama;Fox, Michael J.;Wiest, Dianne;Bridges, James;30.0;No
1987;97.0;Lost Boys, The;Horror;Patric, Jason;Wiest, Dianne;Schumacher, Joel;67.0;No
1989;93.0;Cookie;Comedy;Falk, Peter;Wiest, Dianne;Seidelman, Susan;43.0;No
1974;114.0;Conversation, The;Drama;Hackman, Gene;Williams, Cindy;Coppola, Francis Ford;59.0;Yes
1973;112.0;American Graffiti;Comedy;Dreyfuss, Richard;Williams, Cindy;Lucas, George;39.0;Yes
1953;96.0;Dangerous When Wet;Music;Lamas, Fernando;Williams, Esther;Walters, Charles;67.0;No
1980;111.0;Stir Crazy;Comedy;Pryor, Richard;Williams, JoBeth;Poitier, Sidney;40.0;No
1989;91.0;Young Einstein;Comedy;Serious, Yahoo;Wilson, Pee-Wee;Serious, Yahoo;47.0;No
1956;83.0;Killing, The;Drama;Hayden, Sterling;Windsor, Marie;Kubrick, Stanley;51.0;No
1973;102.0;Cahill, United States Marshal;Western;Wayne, John;Windsor, Marie;McLaglen, Andrew V.;12.0;No
1989;90.0;Savage Intruder, The;Horror;Garfield, John David;Wing, Virginia;Wolfe, Donald;24.0;No
1992;139.0;Sheltering Sky, The;Drama;Malkovich, John;Winger, Debra;Bertolucci, Bernardo;64.0;No
1982;125.0;An Officer & a Gentleman;Drama;Gere, Richard;Winger, Debra;Hackford, Taylor;1.0;Yes
1987;101.0;Black Widow;Mystery;Hopper, Dennis;Winger, Debra;Rafelson, Bob;54.0;No
1986;116.0;Legal Eagles;Comedy;Redford, Robert;Winger, Debra;Reitman, Ivan;39.0;No
1970;90.0;Bloody Mama;Action;Stroud, Don;Winters, Shelley;Corman, Roger;17.0;No
1965;106.0;A Patch of Blue;Drama;Poitier, Sidney;Winters, Shelley;Green, Guy;51.0;No
1955;109.0;I Died a Thousand Times;Drama;Palance, Jack;Winters, Shelley;Heisler, Stuart;23.0;No
1977;90.0;Tentacles;Horror;Huston, John;Winters, Shelley;Hellman, Oliver;62.0;No
1968;100.0;Scalphunters, The;Western;Lancaster, Burt;Winters, Shelley;Pollack, Sydney;33.0;No
1992;96.0;A Day in October;Drama;Sweeney, D. B.;Wolf, Kelly;Madsen, Kenneth;76.0;No
1964;102.0;A Fistful of Dollars;Westerns;Eastwood, Clint;Volonte, Gian Maria;Leone, Sergio;61.0;No
1985;94.0;My Science Project;Comedy;Stockwell, John;Von Zerneck, Danielle;Betnel, Jonathan;84.0;No
1991;160.0;Great Race, The;Comedy;Moore, Dudley;Wood, Natalie;Edwards, Blake;88.0;No
1956;119.0;Searchers, The;Western;Wayne, John;Wood, Natalie;Ford, John;9.0;No
1979;105.0;Meteor;Action;Connery, Sean;Wood, Natalie;Neame, Ronald;5.0;No
1955;111.0;Rebel Without a Cause;Drama;Dean, James;Wood, Natalie;Ray, Nicholas;82.0;No
1961;153.0;West Side Story;Music;Beymer, Richard;Wood, Natalie;Wise, Robert;38.0;Yes
1970;110.0;Trash;Comedy;Dallesandro, Joe;Woodlawn, Holly;Morrissey, Paul;68.0;No
1966;95.0;A Big Hand for the Little Lady;Comedy;Fonda, Henry;Woodward, Joanne;Cook, Fielder;12.0;No
1966;104.0;A Fine Madness;Comedy;Connery, Sean;Woodward, Joanne;Kershner, Irvin;6.0;No
1987;134.0;Glass Menagerie, The;Drama;Malkovich, John;Woodward, Joanne;Newman, Paul;68.0;No
1989;117.0;Harry & Son;Drama;Newman, Paul;Woodward, Joanne;Newman, Paul;57.0;No
1968;102.0;Rachel, Rachel;Drama;Olson, James;Woodward, Joanne;Newman, Paul;32.0;No
1961;98.0;Paris Blues;Drama;Newman, Paul;Woodward, Joanne;Ritt, Martin;54.0;No
1991;144.0;State of Grace;Drama;Penn, Sean;Wright, Robin;Joanou, Phil;49.0;No
1943;108.0;Shadow of a Doubt;Drama;Cotten, Joseph;Wright, Teresa;Hitchcock, Alfred;32.0;No
1950;85.0;Men, The;Drama;Brando, Marlon;Wright, Teresa;Zinnemann, Fred;27.0;No
1950;110.0;Stage Fright;Mystery;Wilding, Michael;Wyman, Jane;Hitchcock, Alfred;72.0;No
1947;103.0;Magic Town;Drama;Stewart, James;Wyman, Jane;Wellman, William;4.0;No
1975;93.0;That Lucky Touch;Action;Moore, Roger;York, Susannah;Miles, Christopher;85.0;No
1949;90.0;Lust for Gold;Drama;Ford, Glenn;Young, Gig;Simon, S. Sylvan;57.0;No
1987;103.0;Heat;Mystery;Reynolds, Burt;Young, Karen;Jameson, Jerry;69.0;No
1947;87.0;Night Is My Future;Drama;Malmsten, Birger;Zetterling, Mai;Bergman, Ingmar;17.0;No
1990;92.0;Witches, The;Science Fiction;Fisher, Jasen;Zetterling, Mai;Roeg, Nicolas;18.0;No
